Name,Address,Signal Level,X,Y,MAC,Location
BPGC-NAB,70:EA:1A:22:8F:E0,-41,20,26,124150763130848,2026
BPGC-NAB,08:4F:A9:10:4B:80,-49,20,26,9138231856000,2026
BPGC-NAB,00:A3:8E:60:F2:A0,-72,20,26,702468387488,2026
BPGC-WIFI,40:01:7A:B1:00:40,-70,20,26,70375097565248,2026
BPGC-NAB,70:EA:1A:22:A9:A0,-66,20,26,124150763137440,2026
BPGC-NAB,70:EA:1A:22:96:20,-68,20,26,124150763132448,2026
BPGC-NAB,70:EA:1A:22:AC:00,-84,20,26,124150763138048,2026
BPGC-NAB,70:EA:1A:22:96:A0,-68,20,26,124150763132576,2026
BPGC-NAB,A8:B4:56:CA:8F:40,-72,20,26,185492503695168,2026
BPGC-NAB,A8:B4:56:CC:DE:00,-90,20,26,185492503846400,2026
BPGC-NAB,70:EA:1A:22:9B:80,-82,20,26,124150763133824,2026
BPGC-NAB,70:EA:1A:22:96:00,-33,22,24,124150763132416,2224
BPGC-NAB,00:A3:8E:60:F2:A0,-49,22,24,702468387488,2224
BPGC-NAB,70:EA:1A:22:A9:40,-57,22,24,124150763137344,2224
BPGC-NAB,A8:B4:56:CC:DE:00,-53,22,24,185492503846400,2224
BPGC-NAB,70:EA:1A:22:98:20,-50,22,24,124150763132960,2224
BPGC-NAB,70:EA:1A:22:A0:20,-59,22,24,124150763135008,2224
BPGC-NAB,70:EA:1A:22:A5:A0,-56,22,24,124150763136416,2224
BPGC-NAB,70:EA:1A:22:AC:00,-59,22,24,124150763138048,2224
BPGC-NAB,08:4F:A9:10:4B:80,-58,22,24,9138231856000,2224
BPGC-WIFI,40:01:7A:B1:00:40,-72,22,24,70375097565248,2224
BPGC-NAB,70:EA:1A:22:97:80,-72,22,24,124150763132800,2224
BPGC-NAB,70:EA:1A:22:9F:20,-71,22,24,124150763134752,2224
BPGC-NAB,08:4F:A9:2D:8A:A0,-77,22,24,9138233772704,2224
TG,80:14:A8:BE:BB:28,-82,22,24,140826218773288,2224
sks,88:63:DF:BB:74:A5,-78,22,24,149962536744101,2224
BPGC-NAB,08:4F:A9:2D:8A:40,-78,22,24,9138233772608,2224
BPGC-NAB,70:EA:1A:22:8F:E0,-65,22,24,124150763130848,2224
BPGC-NAB,70:EA:1A:22:87:60,-80,22,24,124150763128672,2224
BPGC-NAB,08:4F:A9:39:68:40,-79,22,24,9138234550336,2224
BPGC-WIFI,40:01:7A:01:B8:80,-81,22,24,70375086078080,2224
BPGC-NAB,70:EA:1A:22:96:20,-72,22,24,124150763132448,2224
BPGC-NAB,70:EA:1A:22:96:A0,-81,22,24,124150763132576,2224
BPGC-NAB,08:4F:A9:30:00:00,-84,22,24,9138233933824,2224
BPGC-NAB,08:4F:A9:2D:8A:40,-44,25,20,9138233772608,2520
BPGC-NAB,08:4F:A9:39:68:20,-49,25,20,9138234550304,2520
BPGC-NAB,08:4F:A9:2D:8A:A0,-55,25,20,9138233772704,2520
BPGC-NAB,70:EA:1A:22:9F:20,-68,25,20,124150763134752,2520
BPGC-NAB,00:A3:8E:4E:29:A0,-73,25,20,702467156384,2520
BPGC-NAB,08:4F:A9:39:68:40,-70,25,20,9138234550336,2520
BPGC-NAB,A8:B4:56:CC:DE:00,-75,25,20,185492503846400,2520
sks,88:63:DF:BB:74:A5,-76,25,20,149962536744101,2520
BPGC-NAB,70:EA:1A:22:A5:A0,-73,25,20,124150763136416,2520
BPGC-NAB,70:EA:1A:22:87:60,-73,25,20,124150763128672,2520
BPGC-NAB,08:4F:A9:30:00:00,-76,25,20,9138233933824,2520
BPGC-NAB,70:EA:1A:22:98:20,-77,25,20,124150763132960,2520
CRT-MIFI,8C:21:A7:E1:4E:22,-69,25,20,154076178370082,2520
BPGC-NAB,70:EA:1A:22:A9:A0,-72,25,20,124150763137440,2520
BPGC-NAB,70:EA:1A:22:96:00,-76,25,20,124150763132416,2520
BPGC-NAB,70:EA:1A:22:A0:20,-84,25,20,124150763135008,2520
BPGC-NAB,70:EA:1A:22:9F:E0,-85,25,20,124150763134944,2520
DIRECT-1D-HP DeskJet 2600 series,AC:E2:D3:B6:BA:1E,-94,25,20,190090214554142,2520
BPGC-NAB,70:EA:1A:22:8F:E0,-82,25,20,124150763130848,2520
BPGC-NAB,70:EA:1A:22:AC:00,-76,25,20,124150763138048,2520
BPGC-NAB,08:4F:A9:10:4B:80,-82,25,20,9138231856000,2520
BPGC-NAB,70:EA:1A:22:A9:40,-76,25,20,124150763137344,2520
BPGC-NAB,00:A3:8E:60:F2:A0,-94,25,20,702468387488,2520
BPGC-NAB,70:EA:1A:22:92:40,-86,25,20,124150763131456,2520
BPGC-NAB,70:EA:1A:22:97:80,-92,25,20,124150763132800,2520
BPGC-NAB,70:EA:1A:22:96:A0,-96,25,20,124150763132576,2520
BPGC-WIFI,40:01:7A:01:B8:80,-88,25,20,70375086078080,2520
BPGC-NAB,08:4F:A9:2D:8A:A0,-46,20,20,9138233772704,2020
BPGC-NAB,08:4F:A9:10:4B:80,-55,20,20,9138231856000,2020
BPGC-NAB,08:4F:A9:2D:8A:40,-54,20,20,9138233772608,2020
BPGC-NAB,00:A3:8E:60:F2:A0,-52,20,20,702468387488,2020
BPGC-NAB,08:4F:A9:39:68:20,-56,20,20,9138234550304,2020
BPGC-NAB,70:EA:1A:22:96:00,-66,20,20,124150763132416,2020
BPGC-NAB,70:EA:1A:22:AC:00,-67,20,20,124150763138048,2020
BPGC-NAB,70:EA:1A:22:A9:A0,-55,20,20,124150763137440,2020
CRT-MIFI,8C:21:A7:E1:4E:22,-69,20,20,154076178370082,2020
BPGC-NAB,00:A3:8E:4E:29:A0,-72,20,20,702467156384,2020
BPGC-NAB,A8:B4:56:CC:DE:00,-78,20,20,185492503846400,2020
BPGC-NAB,70:EA:1A:22:9F:20,-67,20,20,124150763134752,2020
BPGC-NAB,70:EA:1A:22:98:20,-82,20,20,124150763132960,2020
BPGC-NAB,08:4F:A9:30:00:00,-78,20,20,9138233933824,2020
BPGC-WIFI,40:01:7A:AF:D3:60,-68,20,20,70375097488224,2020
BPGC-WIFI,40:01:7A:01:B8:8F,-69,20,20,70375086078095,2020
BPGC-NAB,70:EA:1A:22:8F:E0,-63,20,20,124150763130848,2020
BPGC-WIFI,40:01:7A:C6:A5:60,-84,20,20,70375098983776,2020
sks,88:63:DF:BB:74:A5,-85,20,20,149962536744101,2020
BPGC-NAB,70:EA:1A:22:A0:20,-81,20,20,124150763135008,2020
BPGC-NAB,70:EA:1A:22:92:40,-82,20,20,124150763131456,2020
BPGC-NAB,70:EA:1A:22:87:60,-74,20,20,124150763128672,2020
BPGC-NAB,08:4F:A9:39:68:40,-75,20,20,9138234550336,2020
BPGC-NAB,70:EA:1A:22:A9:40,-78,20,20,124150763137344,2020
BPGC-WIFI,40:01:7A:01:B8:80,-81,20,20,70375086078080,2020
BPGC-NAB,70:EA:1A:22:A5:A0,-87,20,20,124150763136416,2020
BPGC-NAB,70:EA:1A:22:97:80,-79,20,20,124150763132800,2020
BPGC-WIFI,40:01:7A:CC:88:20,-85,20,20,70375099369504,2020
BPGC-NAB,08:4F:A9:39:68:20,-53,29,20,9138234550304,2920
BPGC-NAB,70:EA:1A:22:87:60,-53,29,20,124150763128672,2920
BPGC-NAB,70:EA:1A:22:9F:E0,-60,29,20,124150763134944,2920
BPGC-NAB,70:EA:1A:22:92:40,-64,29,20,124150763131456,2920
BPGC-NAB,08:4F:A9:2D:8A:40,-65,29,20,9138233772608,2920
BPGC-NAB,A8:B4:56:CC:DE:00,-66,29,20,185492503846400,2920
BPGC-NAB,70:EA:1A:22:A5:A0,-74,29,20,124150763136416,2920
BPGC-NAB,70:EA:1A:22:A0:20,-75,29,20,124150763135008,2920
BPGC-NAB,08:4F:A9:2D:8A:A0,-78,29,20,9138233772704,2920
BPGC-NAB,08:4F:A9:39:68:40,-79,29,20,9138234550336,2920
BPGC-NAB,08:4F:A9:30:00:00,-80,29,20,9138233933824,2920
CRT-MIFI,8C:21:A7:E1:4E:22,-85,29,20,154076178370082,2920
BPGC-NAB,70:EA:1A:22:A9:A0,-86,29,20,124150763137440,2920
BPGC-NAB,70:EA:1A:22:9F:20,-85,29,20,124150763134752,2920
BPGC-NAB,00:A3:8E:4E:29:A0,-88,29,20,702467156384,2920
BPGC-NAB,70:EA:1A:22:97:80,-87,29,20,124150763132800,2920
BPGC-NAB,08:4F:A9:39:6A:40,-88,29,20,9138234550848,2920
BPGC-NAB,70:EA:1A:22:98:20,-89,29,20,124150763132960,2920
BPGC-NAB,08:4F:A9:10:4B:80,-91,29,20,9138231856000,2920
BPGC-NAB,70:EA:1A:22:8F:E0,-92,29,20,124150763130848,2920
BPGC-NAB,70:EA:1A:22:96:00,-93,29,20,124150763132416,2920
BPGC-NAB,70:EA:1A:22:9B:E0,-92,29,20,124150763133920,2920
BPGC-NAB,70:EA:1A:22:9B:80,-94,29,20,124150763133824,2920
DIRECT-1D-HP DeskJet 2600 series,AC:E2:D3:B6:BA:1E,-96,29,20,190090214554142,2920
BPGC-NAB,70:EA:1A:22:A9:40,-86,29,20,124150763137344,2920
BPGC-NAB,70:EA:1A:22:9F:80,-91,29,20,124150763134848,2920
BPGC-NAB,00:A3:8E:60:F2:A0,-94,29,20,702468387488,2920
BPGC-NAB,08:4F:A9:2D:8A:A0,-34,22,20,9138233772704,2220
BPGC-NAB,70:EA:1A:22:A9:A0,-51,22,20,124150763137440,2220
BPGC-NAB,08:4F:A9:2D:8A:40,-43,22,20,9138233772608,2220
BPGC-NAB,08:4F:A9:39:68:20,-47,22,20,9138234550304,2220
BPGC-NAB,70:EA:1A:22:9F:20,-58,22,20,124150763134752,2220
BPGC-NAB,70:EA:1A:22:98:20,-71,22,20,124150763132960,2220
BPGC-NAB,70:EA:1A:22:AC:00,-66,22,20,124150763138048,2220
CRT-MIFI,8C:21:A7:E1:4E:22,-67,22,20,154076178370082,2220
BPGC-NAB,70:EA:1A:22:96:00,-70,22,20,124150763132416,2220
BPGC-NAB,00:A3:8E:4E:29:A0,-69,22,20,702467156384,2220
BPGC-NAB,08:4F:A9:30:00:00,-76,22,20,9138233933824,2220
BPGC-NAB,70:EA:1A:22:87:60,-71,22,20,124150763128672,2220
BPGC-WIFI,40:01:7A:B1:00:40,-79,22,20,70375097565248,2220
BPGC-NAB,70:EA:1A:22:A0:20,-80,22,20,124150763135008,2220
BPGC-NAB,08:4F:A9:39:68:40,-69,22,20,9138234550336,2220
BPGC-NAB,70:EA:1A:22:97:80,-82,22,20,124150763132800,2220
sks,88:63:DF:BB:74:A5,-85,22,20,149962536744101,2220
BPGC-NAB,70:EA:1A:22:8F:E0,-75,22,20,124150763130848,2220
BPGC-NAB,08:4F:A9:10:4B:80,-71,22,20,9138231856000,2220
BPGC-NAB,70:EA:1A:22:A5:A0,-80,22,20,124150763136416,2220
BPGC-NAB,70:EA:1A:22:92:40,-81,22,20,124150763131456,2220
BPGC-NAB,A8:B4:56:CC:DE:00,-79,22,20,185492503846400,2220
BPGC-NAB,70:EA:1A:22:9F:E0,-86,22,20,124150763134944,2220
BPGC-WIFI,40:01:7A:C6:A5:60,-86,22,20,70375098983776,2220
BPGC-NAB,00:A3:8E:60:F2:A0,-80,22,20,702468387488,2220
BPGC-NAB,A8:B4:56:CA:8F:40,-89,22,20,185492503695168,2220
BPGC-NAB,70:EA:1A:22:A9:40,-77,22,20,124150763137344,2220
BPGC-NAB,A8:B4:56:CC:DE:00,-31,28,24,185492503846400,2824
BPGC-NAB,70:EA:1A:22:A0:20,-40,28,24,124150763135008,2824
BPGC-NAB,70:EA:1A:22:97:80,-58,28,24,124150763132800,2824
BPGC-NAB,70:EA:1A:22:A5:A0,-54,28,24,124150763136416,2824
BPGC-NAB,70:EA:1A:22:96:00,-60,28,24,124150763132416,2824
BPGC-NAB,70:EA:1A:22:87:60,-57,28,24,124150763128672,2824
BPGC-NAB,70:EA:1A:22:A9:40,-56,28,24,124150763137344,2824
BPGC-NAB,70:EA:1A:22:AC:00,-65,28,24,124150763138048,2824
BPGC-NAB,70:EA:1A:22:98:20,-53,28,24,124150763132960,2824
BPGC-NAB,00:A3:8E:60:F2:A0,-67,28,24,702468387488,2824
BPGC-NAB,70:EA:1A:22:92:40,-76,28,24,124150763131456,2824
BPGC-NAB,70:EA:1A:22:8F:E0,-72,28,24,124150763130848,2824
BPGC-NAB,70:EA:1A:22:9B:80,-64,28,24,124150763133824,2824
BPGC-NAB,08:4F:A9:39:68:20,-74,28,24,9138234550304,2824
CRT-MIFI,8C:21:A7:E1:4E:22,-79,28,24,154076178370082,2824
BPGC-NAB,70:EA:1A:22:96:A0,-78,28,24,124150763132576,2824
bhikkhu,60:6D:C7:A3:30:E3,-81,28,24,106024617062627,2824
BPGC-NAB,08:4F:A9:2D:8A:A0,-82,28,24,9138233772704,2824
BPGC-NAB,08:4F:A9:30:00:00,-69,28,24,9138233933824,2824
BPGC-NAB,08:4F:A9:39:68:40,-76,28,24,9138234550336,2824
BPGC-NAB,70:EA:1A:22:9F:80,-87,28,24,124150763134848,2824
BPGC-NAB,70:EA:1A:22:A9:A0,-88,28,24,124150763137440,2824
BPGC-NAB,08:4F:A9:10:4B:80,-74,28,24,9138231856000,2824
BPGC-NAB,70:EA:1A:22:9B:E0,-75,28,24,124150763133920,2824
BPGC-NAB,A8:B4:56:CA:8F:40,-86,28,24,185492503695168,2824
sks,88:63:DF:BB:74:A5,-81,28,24,149962536744101,2824
BPGC-NAB,00:A3:8E:4E:29:A0,-80,28,24,702467156384,2824
BPGC-NAB,08:4F:A9:2D:8A:40,-76,28,24,9138233772608,2824
BPGC-NAB,70:EA:1A:22:9F:E0,-73,28,24,124150763134944,2824
BPGC-NAB,70:EA:1A:22:96:20,-85,28,24,124150763132448,2824
BPGC-NAB,08:4F:A9:10:4B:80,-30,20,21,9138231856000,2021
BPGC-NAB,70:EA:1A:22:96:00,-48,20,21,124150763132416,2021
BPGC-NAB,70:EA:1A:22:A9:A0,-52,20,21,124150763137440,2021
BPGC-NAB,00:A3:8E:60:F2:A0,-53,20,21,702468387488,2021
BPGC-NAB,70:EA:1A:22:AC:00,-56,20,21,124150763138048,2021
BPGC-NAB,70:EA:1A:22:8F:E0,-50,20,21,124150763130848,2021
BPGC-NAB,70:EA:1A:22:A9:40,-70,20,21,124150763137344,2021
BPGC-NAB,08:4F:A9:2D:8A:A0,-61,20,21,9138233772704,2021
BPGC-WIFI,40:01:7A:01:B8:80,-70,20,21,70375086078080,2021
BPGC-NAB,70:EA:1A:22:9F:20,-69,20,21,124150763134752,2021
BPGC-NAB,70:EA:1A:22:96:A0,-78,20,21,124150763132576,2021
BPGC-WIFI,40:01:7A:01:B8:8F,-73,20,21,70375086078095,2021
BPGC-NAB,70:EA:1A:22:97:80,-77,20,21,124150763132800,2021
BPGC-NAB,70:EA:1A:22:A5:A0,-77,20,21,124150763136416,2021
BPGC-NAB,70:EA:1A:22:96:20,-87,20,21,124150763132448,2021
sks,88:63:DF:BB:74:A5,-88,20,21,149962536744101,2021
BPGC-NAB,70:EA:1A:22:98:20,-69,20,21,124150763132960,2021
BPGC-NAB,A8:B4:56:CC:DE:00,-78,20,21,185492503846400,2021
BPGC-NAB,70:EA:1A:22:A0:20,-77,20,21,124150763135008,2021
BPGC-NAB,08:4F:A9:2D:8A:40,-81,20,21,9138233772608,2021
BPGC-WIFI,40:01:7A:AF:D3:60,-67,20,21,70375097488224,2021
BPGC-WIFI,40:01:7A:C6:A5:60,-74,20,21,70375098983776,2021
BPGC-NAB,08:4F:A9:39:68:20,-89,20,21,9138234550304,2021
BPGC-NAB,70:EA:1A:22:A0:20,-51,31,24,124150763135008,3124
BPGC-NAB,70:EA:1A:22:98:20,-65,31,24,124150763132960,3124
BPGC-NAB,70:EA:1A:22:A5:A0,-67,31,24,124150763136416,3124
BPGC-NAB,00:A3:8E:60:F2:A0,-76,31,24,702468387488,3124
BPGC-NAB,70:EA:1A:22:AC:00,-75,31,24,124150763138048,3124
BPGC-NAB,70:EA:1A:22:9B:E0,-86,31,24,124150763133920,3124
BPGC-NAB,70:EA:1A:22:8F:E0,-84,31,24,124150763130848,3124
BPGC-NAB,08:4F:A9:39:68:20,-87,31,24,9138234550304,3124
BPGC-WIFI,40:01:7A:01:B8:80,-80,31,24,70375086078080,3124
BPGC-NAB,A8:B4:56:CA:8F:40,-94,31,24,185492503695168,3124
BPGC-NAB,70:EA:1A:22:97:80,-60,31,24,124150763132800,3124
BPGC-NAB,A8:B4:56:CC:DE:00,-70,31,24,185492503846400,3124
bhikkhu,60:6D:C7:A3:30:E3,-72,31,24,106024617062627,3124
BPGC-NAB,70:EA:1A:22:87:60,-74,31,24,124150763128672,3124
BPGC-NAB,70:EA:1A:22:96:00,-68,31,24,124150763132416,3124
BPGC-NAB,08:4F:A9:10:4B:80,-88,31,24,9138231856000,3124
BPGC-NAB,70:EA:1A:22:9B:80,-83,31,24,124150763133824,3124
BPGC-NAB,70:EA:1A:22:96:A0,-94,31,24,124150763132576,3124
BPGC-NAB,08:4F:A9:30:00:00,-94,31,24,9138233933824,3124
BPGC-NAB,70:EA:1A:22:92:40,-90,31,24,124150763131456,3124
BPGC-NAB,70:EA:1A:22:8F:E0,-38,20,25,124150763130848,2025
BPGC-NAB,08:4F:A9:10:4B:80,-52,20,25,9138231856000,2025
BPGC-NAB,00:A3:8E:60:F2:A0,-66,20,25,702468387488,2025
BPGC-NAB,70:EA:1A:22:A9:A0,-73,20,25,124150763137440,2025
BPGC-NAB,70:EA:1A:22:96:00,-74,20,25,124150763132416,2025
BPGC-NAB,70:EA:1A:22:98:20,-79,20,25,124150763132960,2025
BPGC-NAB,A8:B4:56:CC:DE:00,-81,20,25,185492503846400,2025
BPGC-WIFI,40:01:7A:AF:D3:60,-76,20,25,70375097488224,2025
BPGC-NAB,70:EA:1A:22:96:20,-80,20,25,124150763132448,2025
BPGC-NAB,70:EA:1A:22:A9:40,-84,20,25,124150763137344,2025
BPGC-NAB,70:EA:1A:22:AC:00,-72,20,25,124150763138048,2025
BPGC-NAB,70:EA:1A:22:A0:20,-86,20,25,124150763135008,2025
BPGC-WIFI,40:01:7A:CC:88:20,-87,20,25,70375099369504,2025
BPGC-NAB,08:4F:A9:2D:8A:A0,-87,20,25,9138233772704,2025
BPGC-NAB,70:EA:1A:22:97:80,-88,20,25,124150763132800,2025
BPGC-NAB,70:EA:1A:22:A5:A0,-89,20,25,124150763136416,2025
BPGC-NAB,A8:B4:56:CA:8F:40,-83,20,25,185492503695168,2025
BPGC-WIFI,40:01:7A:B1:00:40,-62,20,25,70375097565248,2025
BPGC-NAB,70:EA:1A:22:96:A0,-78,20,25,124150763132576,2025
TG,80:14:A8:BE:BB:28,-96,20,25,140826218773288,2025
BPGC-WIFI,40:01:7A:01:B8:80,-79,20,25,70375086078080,2025
BPGC-WIFI,40:01:7A:C6:A5:60,-84,20,25,70375098983776,2025
BPGC-NAB,70:EA:1A:22:A0:20,-39,31,23,124150763135008,3123
BPGC-NAB,70:EA:1A:22:97:80,-51,31,23,124150763132800,3123
BPGC-NAB,70:EA:1A:22:96:00,-54,31,23,124150763132416,3123
BPGC-NAB,70:EA:1A:22:98:20,-55,31,23,124150763132960,3123
BPGC-NAB,70:EA:1A:22:A9:40,-64,31,23,124150763137344,3123
BPGC-NAB,70:EA:1A:22:AC:00,-67,31,23,124150763138048,3123
BPGC-NAB,70:EA:1A:22:87:60,-67,31,23,124150763128672,3123
BPGC-NAB,70:EA:1A:22:9F:80,-68,31,23,124150763134848,3123
BPGC-NAB,70:EA:1A:22:9B:E0,-73,31,23,124150763133920,3123
CRT-MIFI,8C:21:A7:E1:4E:22,-73,31,23,154076178370082,3123
BPGC-NAB,08:4F:A9:39:68:20,-82,31,23,9138234550304,3123
BPGC-NAB,A8:B4:56:CC:DE:00,-46,31,23,185492503846400,3123
bhikkhu,60:6D:C7:A3:30:E3,-66,31,23,106024617062627,3123
BPGC-NAB,70:EA:1A:22:A5:A0,-66,31,23,124150763136416,3123
BPGC-NAB,70:EA:1A:22:8F:E0,-73,31,23,124150763130848,3123
BPGC-NAB,00:A3:8E:60:F2:A0,-68,31,23,702468387488,3123
BPGC-NAB,70:EA:1A:22:92:40,-79,31,23,124150763131456,3123
BPGC-NAB,08:4F:A9:10:4B:80,-77,31,23,9138231856000,3123
BPGC-NAB,70:EA:1A:22:9B:80,-72,31,23,124150763133824,3123
BPGC-NAB,08:4F:A9:30:00:00,-85,31,23,9138233933824,3123
sks,88:63:DF:BB:74:A5,-88,31,23,149962536744101,3123
BPGC-NAB,70:EA:1A:22:9F:E0,-80,31,23,124150763134944,3123
BPGC-NAB,08:4F:A9:39:6A:40,-84,31,23,9138234550848,3123
BPGC-NAB,A8:B4:56:CA:8F:40,-85,31,23,185492503695168,3123
BPGC-NAB,08:4F:A9:39:68:40,-86,31,23,9138234550336,3123
BPGC-WIFI,40:01:7A:01:B8:8F,-86,31,23,70375086078095,3123
BPGC-NAB,70:EA:1A:22:9F:20,-90,31,23,124150763134752,3123
BPGC-NAB,08:4F:A9:10:4B:80,-38,20,23,9138231856000,2023
BPGC-NAB,70:EA:1A:22:96:00,-47,20,23,124150763132416,2023
BPGC-NAB,70:EA:1A:22:98:20,-47,20,23,124150763132960,2023
BPGC-NAB,00:A3:8E:60:F2:A0,-50,20,23,702468387488,2023
BPGC-NAB,70:EA:1A:22:97:80,-63,20,23,124150763132800,2023
BPGC-NAB,70:EA:1A:22:A9:40,-56,20,23,124150763137344,2023
BPGC-NAB,70:EA:1A:22:A0:20,-61,20,23,124150763135008,2023
BPGC-NAB,A8:B4:56:CC:DE:00,-54,20,23,185492503846400,2023
BPGC-NAB,70:EA:1A:22:8F:E0,-44,20,23,124150763130848,2023
BPGC-NAB,70:EA:1A:22:96:A0,-67,20,23,124150763132576,2023
BPGC-NAB,70:EA:1A:22:AC:00,-57,20,23,124150763138048,2023
BPGC-NAB,08:4F:A9:2D:8A:A0,-69,20,23,9138233772704,2023
BPGC-NAB,70:EA:1A:22:A5:A0,-64,20,23,124150763136416,2023
BPGC-WIFI,40:01:7A:B1:00:40,-67,20,23,70375097565248,2023
BPGC-NAB,70:EA:1A:22:96:20,-82,20,23,124150763132448,2023
BPGC-NAB,70:EA:1A:22:9F:20,-78,20,23,124150763134752,2023
BPGC-NAB,70:EA:1A:22:A9:A0,-67,20,23,124150763137440,2023
BPGC-NAB,A8:B4:56:CA:8F:40,-78,20,23,185492503695168,2023
BPGC-NAB,08:4F:A9:2D:77:40,-83,20,23,9138233767744,2023
BPGC-NAB,08:4F:A9:2D:8A:40,-83,20,23,9138233772608,2023
BPGC-NAB,70:EA:1A:22:9B:80,-85,20,23,124150763133824,2023
BPGC-NAB,70:EA:1A:22:9F:80,-86,20,23,124150763134848,2023
BPGC-WIFI,40:01:7A:01:B8:80,-80,20,23,70375086078080,2023
sks,88:63:DF:BB:74:A5,-82,20,23,149962536744101,2023
BPGC-NAB,08:4F:A9:39:68:40,-84,20,23,9138234550336,2023
BPGC-NAB,70:EA:1A:22:96:00,-43,20,24,124150763132416,2024
BPGC-NAB,70:EA:1A:22:98:20,-52,20,24,124150763132960,2024
BPGC-NAB,70:EA:1A:22:AC:00,-59,20,24,124150763138048,2024
BPGC-NAB,08:4F:A9:10:4B:80,-59,20,24,9138231856000,2024
BPGC-NAB,70:EA:1A:22:A9:40,-62,20,24,124150763137344,2024
BPGC-NAB,70:EA:1A:22:A0:20,-59,20,24,124150763135008,2024
BPGC-NAB,A8:B4:56:CC:DE:00,-54,20,24,185492503846400,2024
BPGC-NAB,70:EA:1A:22:A5:A0,-65,20,24,124150763136416,2024
BPGC-NAB,00:A3:8E:60:F2:A0,-59,20,24,702468387488,2024
BPGC-WIFI,40:01:7A:B1:00:40,-74,20,24,70375097565248,2024
BPGC-NAB,70:EA:1A:22:96:20,-67,20,24,124150763132448,2024
BPGC-NAB,70:EA:1A:22:8F:E0,-45,20,24,124150763130848,2024
BPGC-WIFI,40:01:7A:CA:3F:AF,-82,20,24,70375099219887,2024
BPGC-NAB,70:EA:1A:22:9F:20,-72,20,24,124150763134752,2024
BPGC-NAB,08:4F:A9:2D:8A:40,-81,20,24,9138233772608,2024
BPGC-WIFI,40:01:7A:C6:A5:60,-86,20,24,70375098983776,2024
sks,88:63:DF:BB:74:A5,-88,20,24,149962536744101,2024
BPGC-NAB,70:EA:1A:22:97:80,-73,20,24,124150763132800,2024
BPGC-NAB,08:4F:A9:2D:8A:A0,-79,20,24,9138233772704,2024
BPGC-NAB,70:EA:1A:22:96:A0,-63,20,24,124150763132576,2024
BPGC-NAB,70:EA:1A:22:A9:A0,-70,20,24,124150763137440,2024
BPGC-NAB,70:EA:1A:22:9B:E0,-84,20,24,124150763133920,2024
BPGC-NAB,00:A3:8E:4E:29:A0,-79,20,24,702467156384,2024
BPGC-NAB,A8:B4:56:CA:8F:40,-67,20,24,185492503695168,2024
BPGC-NAB,08:4F:A9:39:68:40,-87,20,24,9138234550336,2024
BPGC-NAB,70:EA:1A:22:96:00,-37,21,24,124150763132416,2124
BPGC-NAB,70:EA:1A:22:98:20,-59,21,24,124150763132960,2124
BPGC-NAB,08:4F:A9:10:4B:80,-63,21,24,9138231856000,2124
BPGC-NAB,A8:B4:56:CC:DE:00,-65,21,24,185492503846400,2124
BPGC-NAB,70:EA:1A:22:AC:00,-66,21,24,124150763138048,2124
BPGC-NAB,00:A3:8E:60:F2:A0,-60,21,24,702468387488,2124
BPGC-NAB,70:EA:1A:22:A9:40,-64,21,24,124150763137344,2124
BPGC-NAB,70:EA:1A:22:A0:20,-68,21,24,124150763135008,2124
BPGC-NAB,70:EA:1A:22:A5:A0,-73,21,24,124150763136416,2124
BPGC-NAB,70:EA:1A:22:8F:E0,-72,21,24,124150763130848,2124
BPGC-NAB,70:EA:1A:22:87:60,-78,21,24,124150763128672,2124
BPGC-NAB,70:EA:1A:22:97:80,-78,21,24,124150763132800,2124
BPGC-NAB,70:EA:1A:22:A9:A0,-73,21,24,124150763137440,2124
BPGC-NAB,08:4F:A9:2D:8A:A0,-81,21,24,9138233772704,2124
BPGC-NAB,70:EA:1A:22:9F:20,-86,21,24,124150763134752,2124
BPGC-WIFI,40:01:7A:B1:00:40,-87,21,24,70375097565248,2124
BPGC-NAB,70:EA:1A:22:96:A0,-74,21,24,124150763132576,2124
BPGC-NAB,08:4F:A9:2D:8A:40,-87,21,24,9138233772608,2124
BPGC-NAB,70:EA:1A:22:9B:E0,-87,21,24,124150763133920,2124
sks,88:63:DF:BB:74:A5,-92,21,24,149962536744101,2124
BPGC-WIFI,40:01:7A:01:B8:8F,-96,21,24,70375086078095,2124
BPGC-NAB,A8:B4:56:CA:8F:40,-82,21,24,185492503695168,2124
TG,80:14:A8:BE:BB:28,-86,21,24,140826218773288,2124
BPGC-NAB,08:4F:A9:30:00:00,-89,21,24,9138233933824,2124
BPGC-NAB,00:A3:8E:4E:29:A0,-91,21,24,702467156384,2124
BPGC-NAB,08:4F:A9:2D:77:40,-94,21,24,9138233767744,2124
BPGC-NAB,08:4F:A9:43:38:A0,-94,21,24,9138235193504,2124
BPGC-NAB,70:EA:1A:22:9B:80,-95,21,24,124150763133824,2124
BPGC-WIFI,40:01:7A:AF:D3:6F,-96,21,24,70375097488239,2124
BPGC-WIFI,40:01:7A:01:B8:80,-91,21,24,70375086078080,2124
BPGC-NAB,70:EA:1A:22:98:20,-41,25,24,124150763132960,2524
BPGC-NAB,A8:B4:56:CC:DE:00,-52,25,24,185492503846400,2524
BPGC-NAB,70:EA:1A:22:A0:20,-59,25,24,124150763135008,2524
BPGC-NAB,70:EA:1A:22:A5:A0,-63,25,24,124150763136416,2524
BPGC-NAB,70:EA:1A:22:96:00,-61,25,24,124150763132416,2524
BPGC-NAB,70:EA:1A:22:AC:00,-68,25,24,124150763138048,2524
BPGC-NAB,70:EA:1A:22:A9:40,-70,25,24,124150763137344,2524
BPGC-NAB,70:EA:1A:22:8F:E0,-78,25,24,124150763130848,2524
BPGC-NAB,08:4F:A9:39:68:40,-81,25,24,9138234550336,2524
BPGC-NAB,70:EA:1A:22:87:60,-76,25,24,124150763128672,2524
BPGC-NAB,00:A3:8E:60:F2:A0,-75,25,24,702468387488,2524
BPGC-NAB,70:EA:1A:22:97:80,-67,25,24,124150763132800,2524
BPGC-WIFI,40:01:7A:B1:00:40,-84,25,24,70375097565248,2524
BPGC-NAB,08:4F:A9:39:68:20,-82,25,24,9138234550304,2524
BPGC-NAB,70:EA:1A:22:96:20,-80,25,24,124150763132448,2524
BPGC-NAB,08:4F:A9:10:4B:80,-82,25,24,9138231856000,2524
BPGC-NAB,70:EA:1A:22:9B:E0,-82,25,24,124150763133920,2524
BPGC-NAB,08:4F:A9:30:00:00,-78,25,24,9138233933824,2524
BPGC-NAB,70:EA:1A:22:9F:20,-86,25,24,124150763134752,2524
BPGC-NAB,08:4F:A9:2D:8A:A0,-83,25,24,9138233772704,2524
BPGC-WIFI,40:01:7A:01:B8:80,-89,25,24,70375086078080,2524
BPGC-NAB,70:EA:1A:22:A9:A0,-90,25,24,124150763137440,2524
BPGC-NAB,08:4F:A9:2D:8A:40,-88,25,24,9138233772608,2524
BPGC-WIFI,40:01:7A:01:B8:8F,-94,25,24,70375086078095,2524
TG,80:14:A8:BE:BB:28,-92,25,24,140826218773288,2524
BPGC-NAB,70:EA:1A:22:9B:80,-83,25,24,124150763133824,2524
BPGC-NAB,70:EA:1A:22:96:A0,-84,25,24,124150763132576,2524
BPGC-NAB,70:EA:1A:22:9F:80,-86,25,24,124150763134848,2524
BPGC-NAB,70:EA:1A:22:92:40,-92,25,24,124150763131456,2524
sks,88:63:DF:BB:74:A5,-91,25,24,149962536744101,2524
BPGC-NAB,70:EA:1A:22:9F:E0,-94,25,24,124150763134944,2524
BPGC-NAB,A8:B4:56:CA:8F:40,-87,25,24,185492503695168,2524
BPGC-NAB,00:A3:8E:4E:29:A0,-92,25,24,702467156384,2524
BPGC-NAB,08:4F:A9:2D:77:40,-96,25,24,9138233767744,2524
BPGC-NAB,08:4F:A9:2D:8A:A0,-50,21,20,9138233772704,2120
BPGC-NAB,70:EA:1A:22:A9:A0,-52,21,20,124150763137440,2120
BPGC-NAB,08:4F:A9:39:68:20,-63,21,20,9138234550304,2120
BPGC-NAB,08:4F:A9:2D:8A:40,-60,21,20,9138233772608,2120
BPGC-NAB,70:EA:1A:22:9F:20,-67,21,20,124150763134752,2120
BPGC-NAB,08:4F:A9:10:4B:80,-68,21,20,9138231856000,2120
BPGC-NAB,70:EA:1A:22:96:00,-75,21,20,124150763132416,2120
BPGC-NAB,70:EA:1A:22:98:20,-78,21,20,124150763132960,2120
BPGC-NAB,70:EA:1A:22:AC:00,-77,21,20,124150763138048,2120
BPGC-NAB,00:A3:8E:4E:29:A0,-77,21,20,702467156384,2120
BPGC-NAB,08:4F:A9:39:68:40,-80,21,20,9138234550336,2120
BPGC-WIFI,40:01:7A:01:B8:8F,-81,21,20,70375086078095,2120
BPGC-NAB,70:EA:1A:22:87:60,-84,21,20,124150763128672,2120
BPGC-NAB,70:EA:1A:22:8F:E0,-74,21,20,124150763130848,2120
BPGC-NAB,70:EA:1A:22:97:80,-90,21,20,124150763132800,2120
BPGC-NAB,00:A3:8E:60:F2:A0,-73,21,20,702468387488,2120
BPGC-WIFI,40:01:7A:01:B8:80,-78,21,20,70375086078080,2120
BPGC-NAB,70:EA:1A:22:A0:20,-81,21,20,124150763135008,2120
BPGC-NAB,A8:B4:56:CC:DE:00,-79,21,20,185492503846400,2120
BPGC-WIFI,40:01:7A:CC:88:20,-89,21,20,70375099369504,2120
BPGC-NAB,08:4F:A9:30:00:00,-88,21,20,9138233933824,2120
BPGC-WIFI,40:01:7A:CC:88:2F,-93,21,20,70375099369519,2120
BPGC-WIFI,40:01:7A:C6:A5:60,-81,21,20,70375098983776,2120
BPGC-NAB,70:EA:1A:22:A9:40,-88,21,20,124150763137344,2120
BPGC-WIFI,40:01:7A:B1:00:40,-90,21,20,70375097565248,2120
BPGC-NAB,70:EA:1A:22:A5:A0,-92,21,20,124150763136416,2120
BPGC-NAB,70:EA:1A:22:92:40,-95,21,20,124150763131456,2120
CRT-MIFI,8C:21:A7:E1:4E:22,-88,21,20,154076178370082,2120
BPGC-NAB,70:EA:1A:22:87:60,-37,29,21,124150763128672,2921
BPGC-NAB,70:EA:1A:22:A0:20,-45,29,21,124150763135008,2921
BPGC-NAB,70:EA:1A:22:A5:A0,-57,29,21,124150763136416,2921
BPGC-NAB,70:EA:1A:22:9F:E0,-55,29,21,124150763134944,2921
BPGC-NAB,08:4F:A9:39:68:20,-64,29,21,9138234550304,2921
BPGC-NAB,70:EA:1A:22:97:80,-65,29,21,124150763132800,2921
BPGC-NAB,70:EA:1A:22:92:40,-54,29,21,124150763131456,2921
BPGC-NAB,70:EA:1A:22:98:20,-71,29,21,124150763132960,2921
BPGC-NAB,A8:B4:56:CC:DE:00,-51,29,21,185492503846400,2921
BPGC-NAB,70:EA:1A:22:A9:40,-59,29,21,124150763137344,2921
BPGC-NAB,08:4F:A9:30:00:00,-70,29,21,9138233933824,2921
BPGC-NAB,08:4F:A9:39:6A:40,-70,29,21,9138234550848,2921
BPGC-NAB,70:EA:1A:22:96:00,-72,29,21,124150763132416,2921
CRT-MIFI,8C:21:A7:E1:4E:22,-72,29,21,154076178370082,2921
BPGC-NAB,08:4F:A9:2D:8A:40,-67,29,21,9138233772608,2921
BPGC-NAB,70:EA:1A:22:9B:80,-79,29,21,124150763133824,2921
BPGC-NAB,00:A3:8E:4E:29:A0,-81,29,21,702467156384,2921
BPGC-NAB,08:4F:A9:2D:8A:A0,-77,29,21,9138233772704,2921
BPGC-NAB,A8:B4:56:CA:8F:40,-83,29,21,185492503695168,2921
BPGC-NAB,70:EA:1A:22:AC:00,-78,29,21,124150763138048,2921
BPGC-NAB,70:EA:1A:22:9B:E0,-84,29,21,124150763133920,2921
BPGC-NAB,70:EA:1A:22:A9:A0,-92,29,21,124150763137440,2921
BPGC-NAB,08:4F:A9:39:68:40,-77,29,21,9138234550336,2921
BPGC-NAB,70:EA:1A:22:96:A0,-81,29,21,124150763132576,2921
DIRECT-1D-HP DeskJet 2600 series,AC:E2:D3:B6:BA:1E,-86,29,21,190090214554142,2921
BPGC-NAB,70:EA:1A:22:9F:80,-86,29,21,124150763134848,2921
BPGC-NAB,70:EA:1A:22:9F:20,-87,29,21,124150763134752,2921
BPGC-NAB,08:4F:A9:39:68:20,-37,26,20,9138234550304,2620
BPGC-NAB,08:4F:A9:2D:8A:40,-42,26,20,9138233772608,2620
BPGC-NAB,70:EA:1A:22:87:60,-61,26,20,124150763128672,2620
CRT-MIFI,8C:21:A7:E1:4E:22,-60,26,20,154076178370082,2620
BPGC-NAB,08:4F:A9:2D:8A:A0,-55,26,20,9138233772704,2620
BPGC-NAB,70:EA:1A:22:98:20,-67,26,20,124150763132960,2620
BPGC-NAB,08:4F:A9:39:68:40,-69,26,20,9138234550336,2620
BPGC-NAB,08:4F:A9:30:00:00,-71,26,20,9138233933824,2620
BPGC-NAB,00:A3:8E:4E:29:A0,-64,26,20,702467156384,2620
BPGC-NAB,70:EA:1A:22:A0:20,-76,26,20,124150763135008,2620
BPGC-NAB,70:EA:1A:22:96:00,-76,26,20,124150763132416,2620
BPGC-NAB,70:EA:1A:22:A9:40,-75,26,20,124150763137344,2620
BPGC-NAB,A8:B4:56:CC:DE:00,-78,26,20,185492503846400,2620
BPGC-NAB,70:EA:1A:22:9F:E0,-69,26,20,124150763134944,2620
BPGC-NAB,70:EA:1A:22:92:40,-81,26,20,124150763131456,2620
sks,88:63:DF:BB:74:A5,-72,26,20,149962536744101,2620
BPGC-NAB,70:EA:1A:22:96:A0,-83,26,20,124150763132576,2620
DIRECT-1D-HP DeskJet 2600 series,AC:E2:D3:B6:BA:1E,-76,26,20,190090214554142,2620
BPGC-NAB,70:EA:1A:22:AC:00,-88,26,20,124150763138048,2620
BPGC-NAB,70:EA:1A:22:A5:A0,-75,26,20,124150763136416,2620
BPGC-NAB,70:EA:1A:22:9F:20,-68,26,20,124150763134752,2620
BPGC-NAB,70:EA:1A:22:A9:A0,-72,26,20,124150763137440,2620
BPGC-NAB,70:EA:1A:22:97:80,-83,26,20,124150763132800,2620
BPGC-NAB,08:4F:A9:10:4B:80,-84,26,20,9138231856000,2620
BPGC-NAB,00:A3:8E:60:F2:A0,-86,26,20,702468387488,2620
BPGC-NAB,70:EA:1A:22:8F:E0,-77,26,20,124150763130848,2620
BPGC-NAB,70:EA:1A:22:8F:E0,-54,20,27,124150763130848,2027
BPGC-NAB,70:EA:1A:22:A9:A0,-73,20,27,124150763137440,2027
BPGC-NAB,A8:B4:56:CA:8F:40,-74,20,27,185492503695168,2027
BPGC-NAB,70:EA:1A:22:96:00,-82,20,27,124150763132416,2027
BPGC-NAB,00:A3:8E:60:F2:A0,-83,20,27,702468387488,2027
BPGC-NAB,70:EA:1A:22:AC:00,-88,20,27,124150763138048,2027
BPGC-NAB,70:EA:1A:22:98:20,-90,20,27,124150763132960,2027
BPGC-NAB,08:4F:A9:10:4B:80,-56,20,27,9138231856000,2027
BPGC-NAB,70:EA:1A:22:96:20,-75,20,27,124150763132448,2027
BPGC-NAB,70:EA:1A:22:96:A0,-74,20,27,124150763132576,2027
BPGC-NAB,08:4F:A9:2D:8A:A0,-94,20,27,9138233772704,2027
BPGC-NAB,70:EA:1A:22:9B:80,-94,20,27,124150763133824,2027
BPGC-NAB,08:4F:A9:2D:77:40,-96,20,27,9138233767744,2027
BPGC-NAB,70:EA:1A:22:9F:80,-89,20,27,124150763134848,2027
BPGC-NAB,70:EA:1A:22:9B:E0,-95,20,27,124150763133920,2027
BPGC-NAB,08:4F:A9:43:38:A0,-96,20,27,9138235193504,2027
BPGC-NAB,68:3B:78:E9:C0:E0,-96,20,27,114604640944352,2027
BPGC-NAB,08:4F:A9:39:68:20,-35,27,20,9138234550304,2720
BPGC-NAB,08:4F:A9:2D:8A:40,-47,27,20,9138233772608,2720
BPGC-NAB,70:EA:1A:22:87:60,-60,27,20,124150763128672,2720
BPGC-NAB,08:4F:A9:2D:8A:A0,-63,27,20,9138233772704,2720
BPGC-NAB,70:EA:1A:22:A9:40,-66,27,20,124150763137344,2720
BPGC-NAB,08:4F:A9:39:68:40,-63,27,20,9138234550336,2720
BPGC-NAB,70:EA:1A:22:A0:20,-58,27,20,124150763135008,2720
CRT-MIFI,8C:21:A7:E1:4E:22,-66,27,20,154076178370082,2720
BPGC-NAB,70:EA:1A:22:A5:A0,-69,27,20,124150763136416,2720
BPGC-NAB,70:EA:1A:22:92:40,-69,27,20,124150763131456,2720
BPGC-NAB,A8:B4:56:CC:DE:00,-68,27,20,185492503846400,2720
BPGC-NAB,70:EA:1A:22:A9:A0,-71,27,20,124150763137440,2720
BPGC-NAB,70:EA:1A:22:9F:E0,-67,27,20,124150763134944,2720
BPGC-NAB,00:A3:8E:4E:29:A0,-72,27,20,702467156384,2720
BPGC-NAB,70:EA:1A:22:98:20,-69,27,20,124150763132960,2720
BPGC-NAB,70:EA:1A:22:96:00,-76,27,20,124150763132416,2720
BPGC-NAB,70:EA:1A:22:9F:20,-66,27,20,124150763134752,2720
BPGC-NAB,70:EA:1A:22:97:80,-80,27,20,124150763132800,2720
BPGC-NAB,08:4F:A9:30:00:00,-66,27,20,9138233933824,2720
DIRECT-1D-HP DeskJet 2600 series,AC:E2:D3:B6:BA:1E,-77,27,20,190090214554142,2720
sks,88:63:DF:BB:74:A5,-80,27,20,149962536744101,2720
BPGC-NAB,70:EA:1A:22:AC:00,-87,27,20,124150763138048,2720
BPGC-NAB,A8:B4:56:CC:DE:00,-39,30,22,185492503846400,3022
BPGC-NAB,70:EA:1A:22:A0:20,-46,30,22,124150763135008,3022
BPGC-NAB,70:EA:1A:22:97:80,-48,30,22,124150763132800,3022
BPGC-NAB,70:EA:1A:22:87:60,-53,30,22,124150763128672,3022
BPGC-NAB,70:EA:1A:22:A9:40,-55,30,22,124150763137344,3022
BPGC-NAB,70:EA:1A:22:98:20,-52,30,22,124150763132960,3022
BPGC-NAB,70:EA:1A:22:AC:00,-58,30,22,124150763138048,3022
BPGC-NAB,70:EA:1A:22:96:00,-58,30,22,124150763132416,3022
BPGC-NAB,70:EA:1A:22:A5:A0,-50,30,22,124150763136416,3022
BPGC-NAB,00:A3:8E:60:F2:A0,-70,30,22,702468387488,3022
BPGC-NAB,70:EA:1A:22:8F:E0,-72,30,22,124150763130848,3022
BPGC-NAB,70:EA:1A:22:9F:E0,-67,30,22,124150763134944,3022
BPGC-NAB,70:EA:1A:22:9B:80,-70,30,22,124150763133824,3022
CRT-MIFI,8C:21:A7:E1:4E:22,-73,30,22,154076178370082,3022
BPGC-NAB,08:4F:A9:39:68:20,-78,30,22,9138234550304,3022
BPGC-NAB,70:EA:1A:22:96:20,-87,30,22,124150763132448,3022
BPGC-NAB,70:EA:1A:22:92:40,-74,30,22,124150763131456,3022
BPGC-NAB,08:4F:A9:10:4B:80,-79,30,22,9138231856000,3022
BPGC-NAB,08:4F:A9:39:6A:40,-86,30,22,9138234550848,3022
BPGC-WIFI,40:01:7A:01:B8:80,-80,30,22,70375086078080,3022
BPGC-NAB,70:EA:1A:22:9F:80,-69,30,22,124150763134848,3022
BPGC-NAB,70:EA:1A:22:96:A0,-83,30,22,124150763132576,3022
BPGC-NAB,08:4F:A9:39:68:40,-86,30,22,9138234550336,3022
BPGC-NAB,70:EA:1A:22:9B:E0,-79,30,22,124150763133920,3022
bhikkhu,60:6D:C7:A3:30:E3,-75,30,22,106024617062627,3022
BPGC-NAB,08:4F:A9:2D:8A:40,-90,30,22,9138233772608,3022
BPGC-NAB,08:4F:A9:10:4B:80,-45,20,22,9138231856000,2022
BPGC-NAB,70:EA:1A:22:96:00,-50,20,22,124150763132416,2022
BPGC-NAB,00:A3:8E:60:F2:A0,-65,20,22,702468387488,2022
BPGC-NAB,70:EA:1A:22:A5:A0,-68,20,22,124150763136416,2022
BPGC-NAB,70:EA:1A:22:AC:00,-63,20,22,124150763138048,2022
BPGC-NAB,A8:B4:56:CC:DE:00,-70,20,22,185492503846400,2022
BPGC-NAB,70:EA:1A:22:97:80,-68,20,22,124150763132800,2022
BPGC-NAB,70:EA:1A:22:A9:40,-70,20,22,124150763137344,2022
BPGC-NAB,70:EA:1A:22:96:A0,-79,20,22,124150763132576,2022
BPGC-NAB,08:4F:A9:2D:8A:A0,-82,20,22,9138233772704,2022
BPGC-WIFI,40:01:7A:01:B8:80,-82,20,22,70375086078080,2022
BPGC-NAB,70:EA:1A:22:8F:E0,-53,20,22,124150763130848,2022
BPGC-NAB,70:EA:1A:22:98:20,-60,20,22,124150763132960,2022
BPGC-NAB,70:EA:1A:22:A0:20,-68,20,22,124150763135008,2022
BPGC-NAB,70:EA:1A:22:A9:A0,-67,20,22,124150763137440,2022
BPGC-NAB,A8:B4:56:CA:8F:40,-81,20,22,185492503695168,2022
BPGC-WIFI,40:01:7A:CC:88:20,-90,20,22,70375099369504,2022
BPGC-NAB,70:EA:1A:22:9F:20,-81,20,22,124150763134752,2022
BPGC-WIFI,40:01:7A:B1:00:40,-78,20,22,70375097565248,2022
BPGC-NAB,70:EA:1A:22:87:60,-91,20,22,124150763128672,2022
BPGC-NAB,08:4F:A9:2D:77:40,-94,20,22,9138233767744,2022
BPGC-NAB,68:3B:78:E9:C0:E0,-95,20,22,114604640944352,2022
BPGC-NAB,08:4F:A9:43:38:A0,-93,20,22,9138235193504,2022
BPGC-NAB,08:4F:A9:39:68:20,-96,20,22,9138234550304,2022
BPGC-NAB,70:EA:1A:22:96:20,-91,20,22,124150763132448,2022
BPGC-WIFI,40:01:7A:AF:D3:60,-87,20,22,70375097488224,2022
BPGC-WIFI,40:01:7A:CA:3F:A0,-92,20,22,70375099219872,2022
BPGC-NAB,00:A3:8E:4E:29:A0,-95,20,22,702467156384,2022
BPGC-WIFI,40:01:7A:01:B8:8F,-95,20,22,70375086078095,2022
BPGC-NAB,08:4F:A9:2D:8A:40,-90,20,22,9138233772608,2022
BPGC-WIFI,40:01:7A:C6:A5:60,-77,20,22,70375098983776,2022
BPGC-NAB,08:4F:A9:39:68:40,-95,20,22,9138234550336,2022
BPGC-NAB,08:4F:A9:30:00:00,-96,20,22,9138233933824,2022
BPGC-HOSTEL,BC:16:F5:9F:6E:F0,-96,20,22,206806796168944,2022
BPGC-NAB,70:EA:1A:22:96:00,-46,23,24,124150763132416,2324
BPGC-NAB,A8:B4:56:CC:DE:00,-57,23,24,185492503846400,2324
BPGC-NAB,70:EA:1A:22:AC:00,-55,23,24,124150763138048,2324
BPGC-NAB,70:EA:1A:22:A0:20,-69,23,24,124150763135008,2324
BPGC-NAB,70:EA:1A:22:A5:A0,-61,23,24,124150763136416,2324
BPGC-NAB,00:A3:8E:60:F2:A0,-62,23,24,702468387488,2324
BPGC-NAB,70:EA:1A:22:A9:40,-67,23,24,124150763137344,2324
BPGC-NAB,08:4F:A9:2D:8A:A0,-69,23,24,9138233772704,2324
BPGC-NAB,08:4F:A9:10:4B:80,-69,23,24,9138231856000,2324
BPGC-NAB,70:EA:1A:22:87:60,-80,23,24,124150763128672,2324
BPGC-NAB,70:EA:1A:22:9F:20,-81,23,24,124150763134752,2324
BPGC-NAB,70:EA:1A:22:8F:E0,-72,23,24,124150763130848,2324
BPGC-NAB,70:EA:1A:22:97:80,-81,23,24,124150763132800,2324
BPGC-NAB,00:A3:8E:4E:29:A0,-87,23,24,702467156384,2324
sks,88:63:DF:BB:74:A5,-91,23,24,149962536744101,2324
BPGC-WIFI,40:01:7A:01:B8:8F,-90,23,24,70375086078095,2324
BPGC-NAB,70:EA:1A:22:9B:80,-96,23,24,124150763133824,2324
BPGC-NAB,08:4F:A9:2D:77:40,-97,23,24,9138233767744,2324
BPGC-NAB,70:EA:1A:22:98:20,-59,23,24,124150763132960,2324
BPGC-NAB,08:4F:A9:2D:8A:40,-79,23,24,9138233772608,2324
BPGC-NAB,08:4F:A9:30:00:00,-82,23,24,9138233933824,2324
BPGC-WIFI,40:01:7A:B1:00:40,-86,23,24,70375097565248,2324
BPGC-NAB,08:4F:A9:39:68:40,-87,23,24,9138234550336,2324
BPGC-NAB,70:EA:1A:22:A9:A0,-87,23,24,124150763137440,2324
BPGC-NAB,70:EA:1A:22:96:20,-91,23,24,124150763132448,2324
BPGC-NAB,08:4F:A9:39:68:20,-94,23,24,9138234550304,2324
BPGC-NAB,A8:B4:56:CA:8F:40,-88,23,24,185492503695168,2324
BPGC-NAB,70:EA:1A:22:9F:E0,-96,23,24,124150763134944,2324
BPGC-WIFI,40:01:7A:01:B8:80,-80,23,24,70375086078080,2324
BPGC-NAB,70:EA:1A:22:96:A0,-94,23,24,124150763132576,2324
BPGC-NAB,70:EA:1A:22:9F:80,-88,23,24,124150763134848,2324
BPGC-NAB,08:4F:A9:2D:8A:A0,-49,23,20,9138233772704,2320
BPGC-NAB,08:4F:A9:2D:8A:40,-51,23,20,9138233772608,2320
BPGC-NAB,08:4F:A9:39:68:20,-54,23,20,9138234550304,2320
BPGC-NAB,00:A3:8E:4E:29:A0,-70,23,20,702467156384,2320
BPGC-NAB,70:EA:1A:22:AC:00,-74,23,20,124150763138048,2320
BPGC-NAB,70:EA:1A:22:9F:20,-68,23,20,124150763134752,2320
BPGC-NAB,08:4F:A9:10:4B:80,-75,23,20,9138231856000,2320
BPGC-NAB,70:EA:1A:22:98:20,-75,23,20,124150763132960,2320
BPGC-NAB,A8:B4:56:CC:DE:00,-77,23,20,185492503846400,2320
BPGC-NAB,70:EA:1A:22:A9:40,-80,23,20,124150763137344,2320
BPGC-NAB,70:EA:1A:22:A9:A0,-68,23,20,124150763137440,2320
BPGC-NAB,08:4F:A9:39:68:40,-75,23,20,9138234550336,2320
BPGC-NAB,70:EA:1A:22:87:60,-77,23,20,124150763128672,2320
BPGC-NAB,00:A3:8E:60:F2:A0,-81,23,20,702468387488,2320
BPGC-NAB,70:EA:1A:22:96:00,-81,23,20,124150763132416,2320
BPGC-WIFI,40:01:7A:01:B8:80,-89,23,20,70375086078080,2320
BPGC-NAB,08:4F:A9:30:00:00,-82,23,20,9138233933824,2320
BPGC-NAB,70:EA:1A:22:A5:A0,-85,23,20,124150763136416,2320
BPGC-NAB,70:EA:1A:22:9F:E0,-93,23,20,124150763134944,2320
BPGC-WIFI,40:01:7A:01:B8:8F,-90,23,20,70375086078095,2320
BPGC-NAB,70:EA:1A:22:97:80,-91,23,20,124150763132800,2320
BPGC-NAB,70:EA:1A:22:92:40,-88,23,20,124150763131456,2320
CRT-MIFI,8C:21:A7:E1:4E:22,-70,23,20,154076178370082,2320
BPGC-NAB,70:EA:1A:22:A0:20,-84,23,20,124150763135008,2320
BPGC-NAB,70:EA:1A:22:9B:E0,-92,23,20,124150763133920,2320
BPGC-NAB,70:EA:1A:22:8F:E0,-82,23,20,124150763130848,2320
BPGC-WIFI,00:A3:8E:67:76:40,-91,23,20,702468814400,2320
BPGC-WIFI,40:01:7A:C6:A5:60,-91,23,20,70375098983776,2320
BPGC-WIFI,40:01:7A:B1:00:40,-91,23,20,70375097565248,2320
sks,88:63:DF:BB:74:A5,-89,23,20,149962536744101,2320
BPGC-NAB,70:EA:1A:22:96:A0,-95,23,20,124150763132576,2320
BPGC-NAB,70:EA:1A:22:A0:20,-44,31,22,124150763135008,3122
BPGC-NAB,70:EA:1A:22:97:80,-49,31,22,124150763132800,3122
BPGC-NAB,70:EA:1A:22:98:20,-59,31,22,124150763132960,3122
BPGC-NAB,70:EA:1A:22:96:00,-64,31,22,124150763132416,3122
BPGC-NAB,A8:B4:56:CC:DE:00,-61,31,22,185492503846400,3122
BPGC-NAB,70:EA:1A:22:AC:00,-62,31,22,124150763138048,3122
BPGC-NAB,70:EA:1A:22:A5:A0,-65,31,22,124150763136416,3122
BPGC-NAB,70:EA:1A:22:87:60,-72,31,22,124150763128672,3122
BPGC-NAB,70:EA:1A:22:A9:40,-65,31,22,124150763137344,3122
BPGC-NAB,70:EA:1A:22:8F:E0,-75,31,22,124150763130848,3122
BPGC-NAB,70:EA:1A:22:9B:80,-76,31,22,124150763133824,3122
BPGC-NAB,70:EA:1A:22:9B:E0,-80,31,22,124150763133920,3122
BPGC-NAB,00:A3:8E:60:F2:A0,-81,31,22,702468387488,3122
bhikkhu,60:6D:C7:A3:30:E3,-79,31,22,106024617062627,3122
CRT-MIFI,8C:21:A7:E1:4E:22,-82,31,22,154076178370082,3122
BPGC-NAB,00:A3:8E:4E:29:A0,-94,31,22,702467156384,3122
TG,80:14:A8:BE:BB:28,-92,31,22,140826218773288,3122
BPGC-NAB,70:EA:1A:22:96:20,-94,31,22,124150763132448,3122
BPGC-NAB,08:4F:A9:39:68:40,-96,31,22,9138234550336,3122
BPGC-NAB,08:4F:A9:10:4B:80,-81,31,22,9138231856000,3122
BPGC-WIFI,40:01:7A:01:B8:80,-79,31,22,70375086078080,3122
BPGC-NAB,70:EA:1A:22:9F:80,-79,31,22,124150763134848,3122
BPGC-NAB,08:4F:A9:39:68:20,-86,31,22,9138234550304,3122
BPGC-NAB,70:EA:1A:22:9F:20,-89,31,22,124150763134752,3122
BPGC-NAB,08:4F:A9:39:6A:40,-92,31,22,9138234550848,3122
BPGC-WIFI,40:01:7A:C6:A5:60,-87,31,22,70375098983776,3122
BPGC-NAB,70:EA:1A:22:9F:E0,-85,31,22,124150763134944,3122
BPGC-WIFI,40:01:7A:01:B8:8F,-96,31,22,70375086078095,3122
BPGC-NAB,70:EA:1A:22:96:A0,-94,31,22,124150763132576,3122
BPGC-NAB,70:EA:1A:22:92:40,-87,31,22,124150763131456,3122
BPGC-WIFI,40:01:7A:AF:D3:60,-94,31,22,70375097488224,3122
BPGC-NAB,08:4F:A9:2D:8A:40,-96,31,22,9138233772608,3122
BPGC-NAB,70:EA:1A:22:A0:20,-37,29,24,124150763135008,2924
BPGC-NAB,A8:B4:56:CC:DE:00,-48,29,24,185492503846400,2924
BPGC-NAB,70:EA:1A:22:87:60,-63,29,24,124150763128672,2924
BPGC-NAB,70:EA:1A:22:98:20,-66,29,24,124150763132960,2924
BPGC-NAB,70:EA:1A:22:92:40,-69,29,24,124150763131456,2924
BPGC-NAB,70:EA:1A:22:A9:40,-70,29,24,124150763137344,2924
BPGC-NAB,08:4F:A9:39:68:20,-80,29,24,9138234550304,2924
BPGC-NAB,70:EA:1A:22:8F:E0,-81,29,24,124150763130848,2924
BPGC-NAB,70:EA:1A:22:AC:00,-80,29,24,124150763138048,2924
bhikkhu,60:6D:C7:A3:30:E3,-88,29,24,106024617062627,2924
BPGC-NAB,08:4F:A9:39:6A:40,-92,29,24,9138234550848,2924
BPGC-WIFI,40:01:7A:01:B8:80,-82,29,24,70375086078080,2924
BPGC-NAB,08:4F:A9:30:00:00,-89,29,24,9138233933824,2924
BPGC-NAB,70:EA:1A:22:A5:A0,-67,29,24,124150763136416,2924
BPGC-NAB,70:EA:1A:22:97:80,-68,29,24,124150763132800,2924
BPGC-NAB,70:EA:1A:22:96:00,-69,29,24,124150763132416,2924
BPGC-NAB,70:EA:1A:22:9B:E0,-87,29,24,124150763133920,2924
BPGC-NAB,70:EA:1A:22:9F:E0,-88,29,24,124150763134944,2924
BPGC-NAB,08:4F:A9:39:68:40,-92,29,24,9138234550336,2924
BPGC-NAB,70:EA:1A:22:96:A0,-94,29,24,124150763132576,2924
BPGC-NAB,00:A3:8E:60:F2:A0,-73,29,24,702468387488,2924
BPGC-NAB,70:EA:1A:22:9B:80,-86,29,24,124150763133824,2924
CRT-MIFI,8C:21:A7:E1:4E:22,-80,29,24,154076178370082,2924
BPGC-NAB,A8:B4:56:CA:8F:40,-88,29,24,185492503695168,2924
BPGC-NAB,08:4F:A9:10:4B:80,-89,29,24,9138231856000,2924
BPGC-NAB,70:EA:1A:22:9F:80,-81,29,24,124150763134848,2924
DIRECT-1D-HP DeskJet 2600 series,AC:E2:D3:B6:BA:1E,-96,29,24,190090214554142,2924
BPGC-NAB,A8:B4:56:CC:DE:00,-48,27,24,185492503846400,2724
BPGC-NAB,70:EA:1A:22:A0:20,-58,27,24,124150763135008,2724
BPGC-NAB,70:EA:1A:22:A9:40,-58,27,24,124150763137344,2724
BPGC-NAB,70:EA:1A:22:A5:A0,-65,27,24,124150763136416,2724
BPGC-NAB,70:EA:1A:22:96:00,-64,27,24,124150763132416,2724
BPGC-NAB,70:EA:1A:22:97:80,-68,27,24,124150763132800,2724
BPGC-NAB,70:EA:1A:22:96:A0,-71,27,24,124150763132576,2724
BPGC-NAB,00:A3:8E:60:F2:A0,-72,27,24,702468387488,2724
BPGC-NAB,A8:B4:56:CA:8F:40,-67,27,24,185492503695168,2724
BPGC-NAB,08:4F:A9:39:68:20,-70,27,24,9138234550304,2724
BPGC-NAB,70:EA:1A:22:8F:E0,-72,27,24,124150763130848,2724
BPGC-NAB,70:EA:1A:22:87:60,-67,27,24,124150763128672,2724
BPGC-NAB,08:4F:A9:10:4B:80,-76,27,24,9138231856000,2724
BPGC-NAB,70:EA:1A:22:AC:00,-68,27,24,124150763138048,2724
BPGC-NAB,70:EA:1A:22:9B:80,-78,27,24,124150763133824,2724
BPGC-NAB,08:4F:A9:39:6A:40,-87,27,24,9138234550848,2724
BPGC-NAB,70:EA:1A:22:92:40,-91,27,24,124150763131456,2724
BPGC-NAB,70:EA:1A:22:98:20,-59,27,24,124150763132960,2724
BPGC-NAB,08:4F:A9:2D:8A:40,-78,27,24,9138233772608,2724
BPGC-NAB,70:EA:1A:22:96:20,-78,27,24,124150763132448,2724
BPGC-NAB,08:4F:A9:30:00:00,-82,27,24,9138233933824,2724
BPGC-NAB,70:EA:1A:22:9B:E0,-76,27,24,124150763133920,2724
BPGC-NAB,08:4F:A9:2D:8A:A0,-90,27,24,9138233772704,2724
sks,88:63:DF:BB:74:A5,-86,27,24,149962536744101,2724
BPGC-WIFI,40:01:7A:B1:00:40,-91,27,24,70375097565248,2724
BPGC-NAB,70:EA:1A:22:9F:E0,-93,27,24,124150763134944,2724
BPGC-NAB,70:EA:1A:22:9F:20,-89,27,24,124150763134752,2724
TG,80:14:A8:BE:BB:28,-96,27,24,140826218773288,2724
BPGC-NAB,70:EA:1A:22:9F:80,-77,27,24,124150763134848,2724
BPGC-NAB,00:A3:8E:4E:29:A0,-85,27,24,702467156384,2724
BPGC-NAB,08:4F:A9:39:68:40,-78,27,24,9138234550336,2724
CRT-MIFI,8C:21:A7:E1:4E:22,-96,27,24,154076178370082,2724
BPGC-WIFI,40:01:7A:01:B8:8F,-96,27,24,70375086078095,2724
DIRECT-1D-HP DeskJet 2600 series,AC:E2:D3:B6:BA:1E,-89,27,24,190090214554142,2724
BPGC-WIFI,40:01:7A:AF:D3:6F,-96,27,24,70375097488239,2724
BPGC-WIFI,40:01:7A:C6:A5:60,-88,27,24,70375098983776,2724
BPGC-NAB,70:EA:1A:22:A9:A0,-89,27,24,124150763137440,2724
BPGC-WIFI,40:01:7A:01:B8:80,-86,27,24,70375086078080,2724
BPGC-NAB,08:4F:A9:2D:77:40,-96,27,24,9138233767744,2724
BPGC-NAB,A8:B4:56:CC:DE:00,-45,26,24,185492503846400,2624
BPGC-NAB,70:EA:1A:22:A0:20,-47,26,24,124150763135008,2624
BPGC-NAB,70:EA:1A:22:98:20,-38,26,24,124150763132960,2624
BPGC-NAB,70:EA:1A:22:9F:80,-50,26,24,124150763134848,2624
BPGC-NAB,70:EA:1A:22:97:80,-59,26,24,124150763132800,2624
BPGC-NAB,70:EA:1A:22:A5:A0,-63,26,24,124150763136416,2624
BPGC-NAB,70:EA:1A:22:96:00,-64,26,24,124150763132416,2624
BPGC-NAB,70:EA:1A:22:96:A0,-60,26,24,124150763132576,2624
BPGC-NAB,70:EA:1A:22:9B:80,-63,26,24,124150763133824,2624
BPGC-NAB,70:EA:1A:22:AC:00,-67,26,24,124150763138048,2624
BPGC-NAB,70:EA:1A:22:9B:E0,-63,26,24,124150763133920,2624
BPGC-NAB,70:EA:1A:22:96:20,-70,26,24,124150763132448,2624
BPGC-NAB,70:EA:1A:22:87:60,-72,26,24,124150763128672,2624
BPGC-NAB,08:4F:A9:10:4B:80,-77,26,24,9138231856000,2624
BPGC-NAB,A8:B4:56:CA:8F:40,-75,26,24,185492503695168,2624
BPGC-NAB,08:4F:A9:2D:8A:A0,-81,26,24,9138233772704,2624
BPGC-NAB,08:4F:A9:2D:8A:40,-68,26,24,9138233772608,2624
BPGC-NAB,70:EA:1A:22:A9:40,-55,26,24,124150763137344,2624
BPGC-NAB,08:4F:A9:39:68:20,-76,26,24,9138234550304,2624
BPGC-NAB,08:4F:A9:43:38:A0,-84,26,24,9138235193504,2624
BPGC-NAB,08:4F:A9:30:00:00,-80,26,24,9138233933824,2624
TG,80:14:A8:BE:BB:28,-81,26,24,140826218773288,2624
BPGC-NAB,00:A3:8E:4E:29:A0,-80,26,24,702467156384,2624
BPGC-NAB,70:EA:1A:22:8F:E0,-78,26,24,124150763130848,2624
sks,88:63:DF:BB:74:A5,-76,26,24,149962536744101,2624
BPGC-NAB,00:A3:8E:60:F2:A0,-75,26,24,702468387488,2624
BPGC-WIFI,40:01:7A:01:B8:80,-81,26,24,70375086078080,2624
BPGC-NAB,70:EA:1A:22:A5:A0,-50,29,22,124150763136416,2922
BPGC-NAB,70:EA:1A:22:A0:20,-53,29,22,124150763135008,2922
BPGC-NAB,70:EA:1A:22:87:60,-54,29,22,124150763128672,2922
BPGC-NAB,A8:B4:56:CC:DE:00,-44,29,22,185492503846400,2922
BPGC-NAB,70:EA:1A:22:97:80,-60,29,22,124150763132800,2922
BPGC-NAB,70:EA:1A:22:98:20,-57,29,22,124150763132960,2922
BPGC-NAB,70:EA:1A:22:92:40,-73,29,22,124150763131456,2922
BPGC-NAB,70:EA:1A:22:9F:E0,-71,29,22,124150763134944,2922
BPGC-NAB,70:EA:1A:22:96:00,-68,29,22,124150763132416,2922
BPGC-NAB,70:EA:1A:22:9F:80,-77,29,22,124150763134848,2922
BPGC-NAB,70:EA:1A:22:9B:E0,-81,29,22,124150763133920,2922
BPGC-NAB,70:EA:1A:22:8F:E0,-75,29,22,124150763130848,2922
BPGC-NAB,00:A3:8E:60:F2:A0,-75,29,22,702468387488,2922
BPGC-NAB,08:4F:A9:39:68:20,-87,29,22,9138234550304,2922
bhikkhu,60:6D:C7:A3:30:E3,-87,29,22,106024617062627,2922
BPGC-NAB,70:EA:1A:22:9B:80,-80,29,22,124150763133824,2922
BPGC-WIFI,40:01:7A:01:B8:80,-91,29,22,70375086078080,2922
BPGC-NAB,08:4F:A9:10:4B:80,-86,29,22,9138231856000,2922
BPGC-NAB,08:4F:A9:2D:8A:40,-87,29,22,9138233772608,2922
BPGC-NAB,70:EA:1A:22:A9:40,-52,29,22,124150763137344,2922
BPGC-NAB,70:EA:1A:22:AC:00,-61,29,22,124150763138048,2922
BPGC-NAB,08:4F:A9:39:6A:40,-87,29,22,9138234550848,2922
BPGC-NAB,70:EA:1A:22:96:20,-88,29,22,124150763132448,2922
BPGC-NAB,08:4F:A9:39:68:40,-88,29,22,9138234550336,2922
BPGC-NAB,A8:B4:56:CA:8F:40,-85,29,22,185492503695168,2922
BPGC-WIFI,40:01:7A:C6:A5:60,-90,29,22,70375098983776,2922
CRT-MIFI,8C:21:A7:E1:4E:22,-94,29,22,154076178370082,2922
sks,88:63:DF:BB:74:A5,-95,29,22,149962536744101,2922
BPGC-NAB,08:4F:A9:2D:8A:A0,-97,29,22,9138233772704,2922
BPGC-NAB,70:EA:1A:22:96:A0,-86,29,22,124150763132576,2922
BPGC-NAB,00:A3:8E:4E:29:A0,-92,29,22,702467156384,2922
TG,80:14:A8:BE:BB:28,-96,29,22,140826218773288,2922
BPGC-WIFI,40:01:7A:01:B8:8F,-96,29,22,70375086078095,2922
BPGC-NAB,08:4F:A9:43:38:A0,-93,29,22,9138235193504,2922
BPGC-NAB,70:EA:1A:22:9F:20,-92,29,22,124150763134752,2922
BPGC-NAB,70:EA:1A:22:A9:A0,-96,29,22,124150763137440,2922
BPGC-NAB,70:EA:1A:22:A0:20,-36,30,24,124150763135008,3024
BPGC-NAB,A8:B4:56:CC:DE:00,-49,30,24,185492503846400,3024
BPGC-NAB,70:EA:1A:22:97:80,-57,30,24,124150763132800,3024
BPGC-NAB,70:EA:1A:22:A9:40,-65,30,24,124150763137344,3024
BPGC-NAB,70:EA:1A:22:9F:80,-62,30,24,124150763134848,3024
bhikkhu,60:6D:C7:A3:30:E3,-70,30,24,106024617062627,3024
BPGC-NAB,70:EA:1A:22:96:00,-59,30,24,124150763132416,3024
BPGC-NAB,70:EA:1A:22:9B:E0,-72,30,24,124150763133920,3024
BPGC-NAB,70:EA:1A:22:AC:00,-73,30,24,124150763138048,3024
BPGC-NAB,70:EA:1A:22:A5:A0,-55,30,24,124150763136416,3024
BPGC-NAB,70:EA:1A:22:87:60,-67,30,24,124150763128672,3024
BPGC-NAB,70:EA:1A:22:9B:80,-67,30,24,124150763133824,3024
CRT-MIFI,8C:21:A7:E1:4E:22,-75,30,24,154076178370082,3024
BPGC-NAB,00:A3:8E:60:F2:A0,-70,30,24,702468387488,3024
BPGC-NAB,70:EA:1A:22:92:40,-80,30,24,124150763131456,3024
BPGC-NAB,08:4F:A9:39:68:40,-86,30,24,9138234550336,3024
BPGC-NAB,08:4F:A9:30:00:00,-88,30,24,9138233933824,3024
BPGC-NAB,70:EA:1A:22:98:20,-57,30,24,124150763132960,3024
BPGC-NAB,08:4F:A9:10:4B:80,-84,30,24,9138231856000,3024
BPGC-NAB,70:EA:1A:22:8F:E0,-81,30,24,124150763130848,3024
sks,88:63:DF:BB:74:A5,-84,30,24,149962536744101,3024
BPGC-WIFI,40:01:7A:01:B8:80,-81,30,24,70375086078080,3024
BPGC-NAB,08:4F:A9:2D:8A:40,-87,30,24,9138233772608,3024
BPGC-NAB,70:EA:1A:22:96:20,-86,30,24,124150763132448,3024
BPGC-NAB,70:EA:1A:22:9F:E0,-76,30,24,124150763134944,3024
BPGC-NAB,70:EA:1A:22:98:20,-32,24,24,124150763132960,2424
BPGC-NAB,A8:B4:56:CC:DE:00,-55,24,24,185492503846400,2424
BPGC-NAB,70:EA:1A:22:96:00,-47,24,24,124150763132416,2424
BPGC-NAB,70:EA:1A:22:A5:A0,-53,24,24,124150763136416,2424
BPGC-NAB,70:EA:1A:22:A9:40,-55,24,24,124150763137344,2424
BPGC-NAB,70:EA:1A:22:AC:00,-60,24,24,124150763138048,2424
BPGC-NAB,70:EA:1A:22:A0:20,-57,24,24,124150763135008,2424
BPGC-NAB,08:4F:A9:10:4B:80,-63,24,24,9138231856000,2424
BPGC-NAB,00:A3:8E:60:F2:A0,-64,24,24,702468387488,2424
BPGC-NAB,70:EA:1A:22:8F:E0,-73,24,24,124150763130848,2424
BPGC-NAB,70:EA:1A:22:9F:80,-72,24,24,124150763134848,2424
BPGC-NAB,08:4F:A9:2D:8A:A0,-74,24,24,9138233772704,2424
BPGC-NAB,70:EA:1A:22:9B:E0,-76,24,24,124150763133920,2424
BPGC-NAB,00:A3:8E:4E:29:A0,-74,24,24,702467156384,2424
BPGC-NAB,08:4F:A9:2D:8A:40,-80,24,24,9138233772608,2424
BPGC-NAB,08:4F:A9:39:68:20,-81,24,24,9138234550304,2424
sks,88:63:DF:BB:74:A5,-81,24,24,149962536744101,2424
BPGC-NAB,70:EA:1A:22:97:80,-72,24,24,124150763132800,2424
BPGC-NAB,08:4F:A9:43:38:A0,-86,24,24,9138235193504,2424
BPGC-NAB,70:EA:1A:22:9F:20,-81,24,24,124150763134752,2424
BPGC-NAB,70:EA:1A:22:9B:80,-78,24,24,124150763133824,2424
BPGC-NAB,70:EA:1A:22:87:60,-82,24,24,124150763128672,2424
BPGC-NAB,A8:B4:56:CA:8F:40,-83,24,24,185492503695168,2424
BPGC-NAB,08:4F:A9:30:00:00,-83,24,24,9138233933824,2424
BPGC-NAB,70:EA:1A:22:96:A0,-78,24,24,124150763132576,2424
BPGC-NAB,70:EA:1A:22:96:20,-73,24,24,124150763132448,2424
BPGC-WIFI,40:01:7A:B1:00:40,-76,24,24,70375097565248,2424
BPGC-NAB,08:4F:A9:2D:8A:40,-39,24,20,9138233772608,2420
BPGC-NAB,08:4F:A9:39:68:20,-45,24,20,9138234550304,2420
BPGC-NAB,08:4F:A9:2D:8A:A0,-46,24,20,9138233772704,2420
CRT-MIFI,8C:21:A7:E1:4E:22,-62,24,20,154076178370082,2420
BPGC-NAB,70:EA:1A:22:A9:A0,-65,24,20,124150763137440,2420
BPGC-NAB,00:A3:8E:4E:29:A0,-67,24,20,702467156384,2420
BPGC-NAB,70:EA:1A:22:96:00,-70,24,20,124150763132416,2420
BPGC-NAB,08:4F:A9:39:68:40,-63,24,20,9138234550336,2420
BPGC-NAB,70:EA:1A:22:9F:20,-66,24,20,124150763134752,2420
BPGC-NAB,70:EA:1A:22:87:60,-69,24,20,124150763128672,2420
BPGC-NAB,08:4F:A9:30:00:00,-74,24,20,9138233933824,2420
BPGC-NAB,08:4F:A9:10:4B:80,-78,24,20,9138231856000,2420
BPGC-NAB,70:EA:1A:22:98:20,-78,24,20,124150763132960,2420
BPGC-NAB,A8:B4:56:CC:DE:00,-74,24,20,185492503846400,2420
sks,88:63:DF:BB:74:A5,-77,24,20,149962536744101,2420
BPGC-NAB,70:EA:1A:22:A0:20,-79,24,20,124150763135008,2420
BPGC-NAB,70:EA:1A:22:92:40,-82,24,20,124150763131456,2420
BPGC-NAB,70:EA:1A:22:97:80,-81,24,20,124150763132800,2420
BPGC-NAB,70:EA:1A:22:A5:A0,-78,24,20,124150763136416,2420
BPGC-NAB,70:EA:1A:22:AC:00,-83,24,20,124150763138048,2420
BPGC-WIFI,40:01:7A:B1:00:40,-80,24,20,70375097565248,2420
BPGC-NAB,70:EA:1A:22:A9:40,-75,24,20,124150763137344,2420
BPGC-NAB,08:4F:A9:39:68:20,-47,28,20,9138234550304,2820
BPGC-NAB,70:EA:1A:22:87:60,-52,28,20,124150763128672,2820
BPGC-NAB,08:4F:A9:2D:8A:40,-54,28,20,9138233772608,2820
CRT-MIFI,8C:21:A7:E1:4E:22,-63,28,20,154076178370082,2820
BPGC-NAB,08:4F:A9:2D:8A:A0,-67,28,20,9138233772704,2820
BPGC-NAB,08:4F:A9:30:00:00,-71,28,20,9138233933824,2820
BPGC-NAB,70:EA:1A:22:9F:E0,-71,28,20,124150763134944,2820
BPGC-NAB,70:EA:1A:22:9F:20,-76,28,20,124150763134752,2820
BPGC-NAB,70:EA:1A:22:92:40,-67,28,20,124150763131456,2820
BPGC-NAB,08:4F:A9:39:68:40,-73,28,20,9138234550336,2820
BPGC-NAB,70:EA:1A:22:A9:40,-76,28,20,124150763137344,2820
BPGC-NAB,70:EA:1A:22:96:00,-80,28,20,124150763132416,2820
BPGC-NAB,70:EA:1A:22:A0:20,-74,28,20,124150763135008,2820
BPGC-NAB,70:EA:1A:22:97:80,-85,28,20,124150763132800,2820
BPGC-NAB,00:A3:8E:4E:29:A0,-80,28,20,702467156384,2820
BPGC-NAB,70:EA:1A:22:98:20,-76,28,20,124150763132960,2820
BPGC-NAB,A8:B4:56:CC:DE:00,-74,28,20,185492503846400,2820
BPGC-NAB,08:4F:A9:10:4B:80,-81,28,20,9138231856000,2820
BPGC-NAB,08:4F:A9:39:6A:40,-82,28,20,9138234550848,2820
BPGC-NAB,70:EA:1A:22:AC:00,-89,28,20,124150763138048,2820
BPGC-NAB,70:EA:1A:22:A9:A0,-76,28,20,124150763137440,2820
DIRECT-1D-HP DeskJet 2600 series,AC:E2:D3:B6:BA:1E,-88,28,20,190090214554142,2820
BPGC-NAB,70:EA:1A:22:9B:80,-96,28,20,124150763133824,2820
BPGC-NAB,70:EA:1A:22:A5:A0,-76,28,20,124150763136416,2820
sks,88:63:DF:BB:74:A5,-91,28,20,149962536744101,2820
BPGC-NAB,00:A3:8E:60:F2:A0,-91,28,20,702468387488,2820
BPGC-NAB,70:EA:1A:22:9B:E0,-94,28,20,124150763133920,2820
BPGC-NAB,70:EA:1A:22:8F:E0,-91,28,20,124150763130848,2820
BPGC-WIFI,40:01:7A:B1:00:40,-91,28,20,70375097565248,2820
BPGC-NAB,70:EA:1A:22:96:A0,-94,28,20,124150763132576,2820
BPGC-NAB,70:EA:1A:22:A5:A0,-31,27,25,124150763136416,2725
BPGC-NAB,70:EA:1A:22:97:80,-48,27,25,124150763132800,2725
BPGC-NAB,70:EA:1A:22:A9:40,-43,27,25,124150763137344,2725
BPGC-NAB,70:EA:1A:22:AC:00,-52,27,25,124150763138048,2725
BPGC-NAB,70:EA:1A:22:98:20,-65,27,25,124150763132960,2725
BPGC-NAB,00:A3:8E:60:F2:A0,-69,27,25,702468387488,2725
BPGC-NAB,70:EA:1A:22:A0:20,-66,27,25,124150763135008,2725
BPGC-NAB,A8:B4:56:CC:DE:00,-59,27,25,185492503846400,2725
BPGC-NAB,70:EA:1A:22:87:60,-73,27,25,124150763128672,2725
BPGC-NAB,08:4F:A9:30:00:00,-69,27,25,9138233933824,2725
BPGC-NAB,70:EA:1A:22:96:00,-72,27,25,124150763132416,2725
BPGC-NAB,08:4F:A9:39:68:40,-74,27,25,9138234550336,2725
sks,88:63:DF:BB:74:A5,-75,27,25,149962536744101,2725
BPGC-NAB,08:4F:A9:39:6A:40,-77,27,25,9138234550848,2725
BPGC-NAB,00:A3:8E:4E:29:A0,-75,27,25,702467156384,2725
BPGC-NAB,08:4F:A9:10:4B:80,-81,27,25,9138231856000,2725
DIRECT-1D-HP DeskJet 2600 series,AC:E2:D3:B6:BA:1E,-75,27,25,190090214554142,2725
BPGC-NAB,08:4F:A9:2D:8A:40,-80,27,25,9138233772608,2725
BPGC-NAB,70:EA:1A:22:9F:E0,-81,27,25,124150763134944,2725
BPGC-NAB,70:EA:1A:22:9B:80,-84,27,25,124150763133824,2725
BPGC-NAB,70:EA:1A:22:9F:20,-43,24,20,124150763134752,2420
BPGC-NAB,08:4F:A9:39:68:40,-45,24,20,9138234550336,2420
BPGC-NAB,00:A3:8E:4E:29:A0,-45,24,20,702467156384,2420
sks,88:63:DF:BB:74:A5,-45,24,20,149962536744101,2420
DIRECT-1D-HP DeskJet 2600 series,AC:E2:D3:B6:BA:1E,-62,24,20,190090214554142,2420
BPGC-NAB,08:4F:A9:2D:8A:40,-64,24,20,9138233772608,2420
BPGC-NAB,70:EA:1A:22:A9:40,-68,24,20,124150763137344,2420
BPGC-NAB,70:EA:1A:22:A5:A0,-74,24,20,124150763136416,2420
BPGC-NAB,08:4F:A9:2D:8A:A0,-67,24,20,9138233772704,2420
BPGC-NAB,00:A3:8E:60:F2:A0,-68,24,20,702468387488,2420
BPGC-NAB,A8:B4:56:CC:DE:00,-87,24,20,185492503846400,2420
BPGC-NAB,08:4F:A9:30:00:00,-48,24,20,9138233933824,2420
BPGC-NAB,70:EA:1A:22:AC:00,-69,24,20,124150763138048,2420
BPGC-NAB,08:4F:A9:39:68:20,-68,24,20,9138234550304,2420
BPGC-NAB,08:4F:A9:39:6A:40,-83,24,20,9138234550848,2420
BPGC-NAB,70:EA:1A:22:98:20,-83,24,20,124150763132960,2420
BPGC-NAB,70:EA:1A:22:A0:20,-84,24,20,124150763135008,2420
BPGC-NAB,70:EA:1A:22:96:00,-79,24,20,124150763132416,2420
BPGC-NAB,08:4F:A9:10:4B:80,-83,24,20,9138231856000,2420
BPGC-NAB,08:4F:A9:30:00:00,-42,29,21,9138233933824,2921
BPGC-NAB,08:4F:A9:39:6A:40,-43,29,21,9138234550848,2921
BPGC-NAB,08:4F:A9:39:68:40,-56,29,21,9138234550336,2921
sks,88:63:DF:BB:74:A5,-62,29,21,149962536744101,2921
DIRECT-1D-HP DeskJet 2600 series,AC:E2:D3:B6:BA:1E,-59,29,21,190090214554142,2921
BPGC-NAB,70:EA:1A:22:A5:A0,-63,29,21,124150763136416,2921
BPGC-NAB,70:EA:1A:22:97:80,-53,29,21,124150763132800,2921
BPGC-NAB,70:EA:1A:22:A9:40,-73,29,21,124150763137344,2921
BPGC-NAB,00:A3:8E:4E:29:A0,-76,29,21,702467156384,2921
BPGC-NAB,70:EA:1A:22:87:60,-61,29,21,124150763128672,2921
BPGC-NAB,70:EA:1A:22:9F:20,-70,29,21,124150763134752,2921
BPGC-NAB,00:A3:8E:60:F2:A0,-85,29,21,702468387488,2921
BPGC-NAB,A8:B4:56:CC:DE:00,-77,29,21,185492503846400,2921
BPGC-NAB,70:EA:1A:22:A0:20,-77,29,21,124150763135008,2921
BPGC-NAB,70:EA:1A:22:98:20,-83,29,21,124150763132960,2921
BPGC-NAB,70:EA:1A:22:AC:00,-75,29,21,124150763138048,2921
BPGC-NAB,70:EA:1A:22:96:00,-78,29,21,124150763132416,2921
BPGC-NAB,70:EA:1A:22:97:80,-54,31,25,124150763132800,3125
BPGC-NAB,A8:B4:56:CC:DE:00,-67,31,25,185492503846400,3125
BPGC-NAB,70:EA:1A:22:A9:40,-68,31,25,124150763137344,3125
BPGC-NAB,70:EA:1A:22:A5:A0,-68,31,25,124150763136416,3125
BPGC-NAB,70:EA:1A:22:87:60,-74,31,25,124150763128672,3125
BPGC-NAB,70:EA:1A:22:AC:00,-63,31,25,124150763138048,3125
BPGC-NAB,70:EA:1A:22:A0:20,-69,31,25,124150763135008,3125
BPGC-NAB,70:EA:1A:22:98:20,-73,31,25,124150763132960,3125
BPGC-NAB,08:4F:A9:39:6A:40,-81,31,25,9138234550848,3125
BPGC-NAB,00:A3:8E:60:F2:A0,-81,31,25,702468387488,3125
BPGC-NAB,08:4F:A9:39:68:40,-92,31,25,9138234550336,3125
BPGC-NAB,70:EA:1A:22:92:40,-94,31,25,124150763131456,3125
BPGC-NAB,70:EA:1A:22:96:00,-83,31,25,124150763132416,3125
BPGC-NAB,08:4F:A9:30:00:00,-81,31,25,9138233933824,3125
DIRECT-1D-HP DeskJet 2600 series,AC:E2:D3:B6:BA:1E,-90,31,25,190090214554142,3125
sks,88:63:DF:BB:74:A5,-89,31,25,149962536744101,3125
BPGC-NAB,08:4F:A9:43:38:A0,-92,31,25,9138235193504,3125
BPGC-NAB,70:EA:1A:22:9F:E0,-94,31,25,124150763134944,3125
BPGC-NAB,68:3B:78:E9:C0:E0,-95,31,25,114604640944352,3125
BPGC-NAB,70:EA:1A:22:9B:80,-96,31,25,124150763133824,3125
BPGC-NAB,70:EA:1A:22:8F:E0,-97,31,25,124150763130848,3125
BPGC-NAB,08:4F:A9:10:4B:80,-97,31,25,9138231856000,3125
BPGC-NAB,08:4F:A9:2D:77:40,-98,31,25,9138233767744,3125
BPGC-NAB,70:EA:1A:22:9B:E0,-94,31,25,124150763133920,3125
BPGC-NAB,00:A3:8E:4E:29:A0,-96,31,25,702467156384,3125
CRT-MIFI,8C:21:A7:E1:4E:22,-95,31,25,154076178370082,3125
BPGC-NAB,70:EA:1A:22:A9:40,-49,24,25,124150763137344,2425
BPGC-NAB,70:EA:1A:22:97:80,-56,24,25,124150763132800,2425
BPGC-NAB,70:EA:1A:22:AC:00,-58,24,25,124150763138048,2425
BPGC-NAB,70:EA:1A:22:A5:A0,-58,24,25,124150763136416,2425
BPGC-NAB,70:EA:1A:22:98:20,-67,24,25,124150763132960,2425
BPGC-NAB,A8:B4:56:CC:DE:00,-69,24,25,185492503846400,2425
BPGC-NAB,00:A3:8E:60:F2:A0,-69,24,25,702468387488,2425
BPGC-NAB,70:EA:1A:22:A0:20,-77,24,25,124150763135008,2425
BPGC-NAB,70:EA:1A:22:96:00,-74,24,25,124150763132416,2425
BPGC-NAB,08:4F:A9:2D:77:40,-77,24,25,9138233767744,2425
BPGC-NAB,08:4F:A9:30:00:00,-87,24,25,9138233933824,2425
BPGC-NAB,08:4F:A9:39:68:40,-80,24,25,9138234550336,2425
sks,88:63:DF:BB:74:A5,-81,24,25,149962536744101,2425
BPGC-NAB,08:4F:A9:43:38:A0,-74,24,25,9138235193504,2425
BPGC-NAB,00:A3:8E:4E:29:A0,-80,24,25,702467156384,2425
BPGC-NAB,08:4F:A9:10:4B:80,-86,24,25,9138231856000,2425
BPGC-NAB,70:EA:1A:22:8F:E0,-86,24,25,124150763130848,2425
BPGC-NAB,70:EA:1A:22:9F:20,-81,24,25,124150763134752,2425
BPGC-NAB,68:3B:78:E9:C0:E0,-82,24,25,114604640944352,2425
BPGC-NAB,08:4F:A9:2D:8A:A0,-93,24,25,9138233772704,2425
BPGC-NAB,70:EA:1A:22:9B:E0,-91,24,25,124150763133920,2425
BPGC-NAB,08:4F:A9:2D:8A:40,-92,24,25,9138233772608,2425
BPGC-NAB,70:EA:1A:22:87:60,-89,24,25,124150763128672,2425
BPGC-NAB,70:EA:1A:22:9B:80,-93,24,25,124150763133824,2425
BPGC-NAB,08:4F:A9:39:68:20,-89,24,25,9138234550304,2425
BPGC-NAB,70:EA:1A:22:A9:A0,-97,24,25,124150763137440,2425
BPGC-NAB,70:EA:1A:22:AC:00,-33,20,24,124150763138048,2024
BPGC-NAB,00:A3:8E:60:F2:A0,-45,20,24,702468387488,2024
BPGC-NAB,70:EA:1A:22:A5:A0,-55,20,24,124150763136416,2024
BPGC-NAB,70:EA:1A:22:A9:40,-57,20,24,124150763137344,2024
BPGC-NAB,70:EA:1A:22:97:80,-54,20,24,124150763132800,2024
BPGC-NAB,70:EA:1A:22:98:20,-63,20,24,124150763132960,2024
BPGC-NAB,70:EA:1A:22:9F:20,-68,20,24,124150763134752,2024
BPGC-NAB,70:EA:1A:22:96:00,-68,20,24,124150763132416,2024
BPGC-NAB,A8:B4:56:CC:DE:00,-64,20,24,185492503846400,2024
BPGC-NAB,08:4F:A9:10:4B:80,-66,20,24,9138231856000,2024
sks,88:63:DF:BB:74:A5,-81,20,24,149962536744101,2024
BPGC-NAB,08:4F:A9:2D:8A:40,-82,20,24,9138233772608,2024
BPGC-NAB,70:EA:1A:22:8F:E0,-63,20,24,124150763130848,2024
BPGC-NAB,70:EA:1A:22:A0:20,-63,20,24,124150763135008,2024
BPGC-NAB,70:EA:1A:22:A9:A0,-69,20,24,124150763137440,2024
BPGC-WIFI,40:01:7A:B1:00:40,-81,20,24,70375097565248,2024
BPGC-LT,40:01:7A:B1:00:41,-83,20,24,70375097565249,2024
BPGC-NAB,08:4F:A9:43:38:A0,-75,20,24,9138235193504,2024
BPGC-NAB,08:4F:A9:30:00:00,-83,20,24,9138233933824,2024
BPGC-NAB,70:EA:1A:22:87:60,-85,20,24,124150763128672,2024
BPGC-NAB,08:4F:A9:2D:8A:A0,-82,20,24,9138233772704,2024
BPGC-NAB,08:4F:A9:39:68:20,-82,20,24,9138234550304,2024
BPGC-NAB,70:EA:1A:22:9F:20,-46,21,20,124150763134752,2120
BPGC-NAB,00:A3:8E:4E:29:A0,-59,21,20,702467156384,2120
BPGC-NAB,08:4F:A9:2D:8A:A0,-67,21,20,9138233772704,2120
BPGC-NAB,70:EA:1A:22:AC:00,-70,21,20,124150763138048,2120
BPGC-NAB,00:A3:8E:60:F2:A0,-65,21,20,702468387488,2120
BPGC-NAB,08:4F:A9:39:68:40,-62,21,20,9138234550336,2120
BPGC-NAB,70:EA:1A:22:A9:A0,-76,21,20,124150763137440,2120
sks,88:63:DF:BB:74:A5,-77,21,20,149962536744101,2120
BPGC-NAB,70:EA:1A:22:A9:40,-85,21,20,124150763137344,2120
BPGC-NAB,08:4F:A9:2D:8A:40,-71,21,20,9138233772608,2120
BPGC-NAB,70:EA:1A:22:96:00,-85,21,20,124150763132416,2120
BPGC-NAB,70:EA:1A:22:98:20,-84,21,20,124150763132960,2120
DIRECT-1D-HP DeskJet 2600 series,AC:E2:D3:B6:BA:1E,-84,21,20,190090214554142,2120
BPGC-NAB,08:4F:A9:39:68:20,-78,21,20,9138234550304,2120
BPGC-NAB,70:EA:1A:22:97:80,-85,21,20,124150763132800,2120
BPGC-NAB,70:EA:1A:22:A5:A0,-91,21,20,124150763136416,2120
BPGC-NAB,08:4F:A9:30:00:00,-66,21,20,9138233933824,2120
BPGC-NAB,70:EA:1A:22:8F:E0,-88,21,20,124150763130848,2120
BPGC-NAB,08:4F:A9:10:4B:80,-77,21,20,9138231856000,2120
BPGC-NAB,70:EA:1A:22:A0:20,-92,21,20,124150763135008,2120
BPGC-NAB,A8:B4:56:CC:DE:00,-94,21,20,185492503846400,2120
BPGC-NAB,08:4F:A9:39:6A:40,-91,21,20,9138234550848,2120
BPGC-NAB,08:4F:A9:39:68:40,-41,27,20,9138234550336,2720
BPGC-NAB,00:A3:8E:4E:29:A0,-55,27,20,702467156384,2720
sks,88:63:DF:BB:74:A5,-63,27,20,149962536744101,2720
BPGC-NAB,70:EA:1A:22:9F:20,-66,27,20,124150763134752,2720
BPGC-NAB,08:4F:A9:30:00:00,-47,27,20,9138233933824,2720
DIRECT-1D-HP DeskJet 2600 series,AC:E2:D3:B6:BA:1E,-54,27,20,190090214554142,2720
BPGC-NAB,08:4F:A9:39:68:20,-67,27,20,9138234550304,2720
BPGC-NAB,70:EA:1A:22:97:80,-71,27,20,124150763132800,2720
BPGC-NAB,08:4F:A9:2D:8A:40,-69,27,20,9138233772608,2720
BPGC-NAB,08:4F:A9:39:6A:40,-74,27,20,9138234550848,2720
BPGC-NAB,08:4F:A9:2D:8A:A0,-81,27,20,9138233772704,2720
BPGC-NAB,00:A3:8E:60:F2:A0,-79,27,20,702468387488,2720
BPGC-NAB,70:EA:1A:22:A5:A0,-76,27,20,124150763136416,2720
BPGC-NAB,70:EA:1A:22:A9:40,-80,27,20,124150763137344,2720
BPGC-NAB,70:EA:1A:22:A0:20,-80,27,20,124150763135008,2720
BPGC-NAB,70:EA:1A:22:87:60,-83,27,20,124150763128672,2720
BPGC-NAB,A8:B4:56:CC:DE:00,-87,27,20,185492503846400,2720
BPGC-NAB,70:EA:1A:22:AC:00,-82,27,20,124150763138048,2720
BPGC-NAB,70:EA:1A:22:98:20,-79,27,20,124150763132960,2720
BPGC-NAB,70:EA:1A:22:96:00,-88,27,20,124150763132416,2720
BPGC-NAB,70:EA:1A:22:9F:E0,-96,27,20,124150763134944,2720
BPGC-NAB,08:4F:A9:10:4B:80,-97,27,20,9138231856000,2720
BPGC-NAB,08:4F:A9:2D:77:40,-96,27,20,9138233767744,2720
BPGC-NAB,68:3B:78:E9:C0:E0,-96,27,20,114604640944352,2720
BPGC-NAB,70:EA:1A:22:97:80,-32,29,25,124150763132800,2925
BPGC-NAB,70:EA:1A:22:A9:40,-61,29,25,124150763137344,2925
BPGC-NAB,70:EA:1A:22:A5:A0,-62,29,25,124150763136416,2925
BPGC-NAB,70:EA:1A:22:AC:00,-69,29,25,124150763138048,2925
BPGC-NAB,08:4F:A9:39:6A:40,-66,29,25,9138234550848,2925
BPGC-NAB,70:EA:1A:22:A0:20,-67,29,25,124150763135008,2925
BPGC-NAB,A8:B4:56:CC:DE:00,-74,29,25,185492503846400,2925
BPGC-NAB,08:4F:A9:30:00:00,-79,29,25,9138233933824,2925
BPGC-NAB,70:EA:1A:22:87:60,-84,29,25,124150763128672,2925
BPGC-NAB,08:4F:A9:39:68:40,-85,29,25,9138234550336,2925
BPGC-NAB,70:EA:1A:22:98:20,-74,29,25,124150763132960,2925
BPGC-NAB,00:A3:8E:60:F2:A0,-77,29,25,702468387488,2925
BPGC-NAB,70:EA:1A:22:96:00,-81,29,25,124150763132416,2925
sks,88:63:DF:BB:74:A5,-91,29,25,149962536744101,2925
DIRECT-1D-HP DeskJet 2600 series,AC:E2:D3:B6:BA:1E,-96,29,25,190090214554142,2925
BPGC-NAB,08:4F:A9:2D:77:40,-96,29,25,9138233767744,2925
BPGC-NAB,08:4F:A9:43:38:A0,-96,29,25,9138235193504,2925
BPGC-NAB,00:A3:8E:4E:29:A0,-96,29,25,702467156384,2925
BPGC-NAB,70:EA:1A:22:9B:E0,-93,29,25,124150763133920,2925
BPGC-NAB,70:EA:1A:22:9B:80,-96,29,25,124150763133824,2925
BPGC-NAB,70:EA:1A:22:8F:E0,-91,29,25,124150763130848,2925
BPGC-NAB,70:EA:1A:22:92:40,-96,29,25,124150763131456,2925
BPGC-NAB,00:A3:8E:60:F2:A0,-50,20,26,702468387488,2026
BPGC-NAB,70:EA:1A:22:8F:E0,-52,20,26,124150763130848,2026
BPGC-NAB,70:EA:1A:22:9F:20,-64,20,26,124150763134752,2026
BPGC-NAB,70:EA:1A:22:A9:40,-65,20,26,124150763137344,2026
BPGC-NAB,70:EA:1A:22:AC:00,-57,20,26,124150763138048,2026
BPGC-NAB,08:4F:A9:10:4B:80,-65,20,26,9138231856000,2026
BPGC-NAB,08:4F:A9:43:38:A0,-63,20,26,9138235193504,2026
BPGC-NAB,70:EA:1A:22:A5:A0,-71,20,26,124150763136416,2026
BPGC-NAB,70:EA:1A:22:97:80,-76,20,26,124150763132800,2026
BPGC-NAB,68:3B:78:E9:C0:E0,-61,20,26,114604640944352,2026
BPGC-NAB,70:EA:1A:22:98:20,-77,20,26,124150763132960,2026
BPGC-NAB,08:4F:A9:2D:77:40,-58,20,26,9138233767744,2026
BPGC-NAB,70:EA:1A:22:A9:A0,-78,20,26,124150763137440,2026
BPGC-NAB,08:4F:A9:2D:8A:A0,-84,20,26,9138233772704,2026
BPGC-WIFI,40:01:7A:B1:00:40,-80,20,26,70375097565248,2026
BPGC-NAB,A8:B4:56:CC:DE:00,-79,20,26,185492503846400,2026
BPGC-NAB,70:EA:1A:22:96:A0,-81,20,26,124150763132576,2026
BPGC-LT,40:01:7A:CA:3F:AE,-79,20,26,70375099219886,2026
BPGC-LT,40:01:7A:B1:00:41,-81,20,26,70375097565249,2026
BPGC-NAB,70:EA:1A:22:96:00,-80,20,26,124150763132416,2026
BPGC-NAB,A8:B4:56:CA:8F:40,-81,20,26,185492503695168,2026
BPGC-NAB,00:A3:8E:4E:29:A0,-85,20,26,702467156384,2026
BPGC-NAB,08:4F:A9:39:68:40,-82,20,26,9138234550336,2026
BPGC-NAB,08:4F:A9:39:6A:40,-42,29,18,9138234550848,2918
BPGC-NAB,70:EA:1A:22:97:80,-71,29,18,124150763132800,2918
BPGC-NAB,08:4F:A9:30:00:00,-72,29,18,9138233933824,2918
DIRECT-1D-HP DeskJet 2600 series,AC:E2:D3:B6:BA:1E,-76,29,18,190090214554142,2918
BPGC-NAB,70:EA:1A:22:A5:A0,-80,29,18,124150763136416,2918
BPGC-NAB,08:4F:A9:39:68:40,-76,29,18,9138234550336,2918
BPGC-NAB,70:EA:1A:22:87:60,-80,29,18,124150763128672,2918
BPGC-NAB,70:EA:1A:22:92:40,-74,29,18,124150763131456,2918
sks,88:63:DF:BB:74:A5,-82,29,18,149962536744101,2918
BPGC-NAB,00:A3:8E:4E:29:A0,-94,29,18,702467156384,2918
BPGC-NAB,70:EA:1A:22:9F:20,-91,29,18,124150763134752,2918
BPGC-NAB,08:4F:A9:39:68:20,-95,29,18,9138234550304,2918
BPGC-NAB,70:EA:1A:22:AC:00,-92,29,18,124150763138048,2918
BPGC-NAB,70:EA:1A:22:A9:40,-92,29,18,124150763137344,2918
BPGC-NAB,70:EA:1A:22:9F:E0,-79,29,18,124150763134944,2918
BPGC-NAB,A8:B4:56:CC:DE:00,-91,29,18,185492503846400,2918
BPGC-NAB,70:EA:1A:22:A0:20,-91,29,18,124150763135008,2918
BPGC-NAB,70:EA:1A:22:98:20,-94,29,18,124150763132960,2918
SAIMAA,04:95:E6:82:45:88,-92,29,18,5041863935368,2918
BPGC-NAB,00:A3:8E:60:F2:A0,-48,20,23,702468387488,2023
BPGC-NAB,70:EA:1A:22:AC:00,-52,20,23,124150763138048,2023
BPGC-NAB,70:EA:1A:22:97:80,-62,20,23,124150763132800,2023
BPGC-NAB,70:EA:1A:22:A9:40,-64,20,23,124150763137344,2023
BPGC-NAB,70:EA:1A:22:A5:A0,-70,20,23,124150763136416,2023
BPGC-NAB,70:EA:1A:22:98:20,-62,20,23,124150763132960,2023
BPGC-NAB,70:EA:1A:22:8F:E0,-71,20,23,124150763130848,2023
BPGC-NAB,70:EA:1A:22:A0:20,-70,20,23,124150763135008,2023
BPGC-NAB,70:EA:1A:22:96:00,-59,20,23,124150763132416,2023
BPGC-NAB,08:4F:A9:10:4B:80,-72,20,23,9138231856000,2023
BPGC-NAB,A8:B4:56:CC:DE:00,-71,20,23,185492503846400,2023
BPGC-NAB,70:EA:1A:22:9F:20,-78,20,23,124150763134752,2023
BPGC-NAB,08:4F:A9:43:38:A0,-84,20,23,9138235193504,2023
BPGC-NAB,68:3B:78:E9:C0:E0,-82,20,23,114604640944352,2023
BPGC-NAB,00:A3:8E:4E:29:A0,-87,20,23,702467156384,2023
BPGC-NAB,70:EA:1A:22:A9:A0,-80,20,23,124150763137440,2023
BPGC-NAB,08:4F:A9:39:68:40,-95,20,23,9138234550336,2023
BPGC-NAB,08:4F:A9:2D:77:40,-80,20,23,9138233767744,2023
BPGC-NAB,08:4F:A9:30:00:00,-95,20,23,9138233933824,2023
BPGC-NAB,08:4F:A9:2D:8A:40,-96,20,23,9138233772608,2023
BPGC-NAB,70:EA:1A:22:87:60,-94,20,23,124150763128672,2023
BPGC-NAB,08:4F:A9:2D:8A:A0,-91,20,23,9138233772704,2023
BPGC-NAB,70:EA:1A:22:9B:E0,-96,20,23,124150763133920,2023
sks,88:63:DF:BB:74:A5,-93,20,23,149962536744101,2023
BPGC-NAB,70:EA:1A:22:96:20,-95,20,23,124150763132448,2023
BPGC-NAB,70:EA:1A:22:97:80,-48,31,24,124150763132800,3124
BPGC-NAB,70:EA:1A:22:A5:A0,-52,31,24,124150763136416,3124
BPGC-NAB,70:EA:1A:22:A0:20,-57,31,24,124150763135008,3124
BPGC-NAB,70:EA:1A:22:A9:40,-60,31,24,124150763137344,3124
BPGC-NAB,A8:B4:56:CC:DE:00,-67,31,24,185492503846400,3124
BPGC-NAB,70:EA:1A:22:98:20,-69,31,24,124150763132960,3124
BPGC-NAB,70:EA:1A:22:87:60,-71,31,24,124150763128672,3124
BPGC-NAB,70:EA:1A:22:AC:00,-66,31,24,124150763138048,3124
BPGC-NAB,70:EA:1A:22:96:00,-77,31,24,124150763132416,3124
BPGC-NAB,08:4F:A9:39:68:40,-84,31,24,9138234550336,3124
sks,88:63:DF:BB:74:A5,-86,31,24,149962536744101,3124
BPGC-NAB,08:4F:A9:39:6A:40,-87,31,24,9138234550848,3124
BPGC-NAB,08:4F:A9:43:38:A0,-88,31,24,9138235193504,3124
CRT-MIFI,8C:21:A7:E1:4E:22,-81,31,24,154076178370082,3124
BPGC-NAB,00:A3:8E:60:F2:A0,-75,31,24,702468387488,3124
BPGC-NAB,70:EA:1A:22:A5:A0,-49,23,25,124150763136416,2325
BPGC-NAB,70:EA:1A:22:AC:00,-43,23,25,124150763138048,2325
BPGC-NAB,70:EA:1A:22:98:20,-59,23,25,124150763132960,2325
BPGC-NAB,70:EA:1A:22:A9:40,-47,23,25,124150763137344,2325
BPGC-NAB,70:EA:1A:22:96:00,-59,23,25,124150763132416,2325
BPGC-NAB,A8:B4:56:CC:DE:00,-67,23,25,185492503846400,2325
BPGC-NAB,00:A3:8E:60:F2:A0,-64,23,25,702468387488,2325
BPGC-NAB,70:EA:1A:22:A0:20,-71,23,25,124150763135008,2325
BPGC-NAB,70:EA:1A:22:9F:20,-66,23,25,124150763134752,2325
BPGC-NAB,08:4F:A9:43:38:A0,-61,23,25,9138235193504,2325
BPGC-NAB,08:4F:A9:2D:77:40,-69,23,25,9138233767744,2325
BPGC-NAB,70:EA:1A:22:97:80,-49,23,25,124150763132800,2325
BPGC-NAB,70:EA:1A:22:8F:E0,-73,23,25,124150763130848,2325
sks,88:63:DF:BB:74:A5,-76,23,25,149962536744101,2325
BPGC-NAB,00:A3:8E:4E:29:A0,-73,23,25,702467156384,2325
BPGC-NAB,08:4F:A9:39:68:40,-81,23,25,9138234550336,2325
BPGC-NAB,68:3B:78:E9:C0:E0,-70,23,25,114604640944352,2325
BPGC-NAB,08:4F:A9:2D:8A:A0,-83,23,25,9138233772704,2325
BPGC-NAB,08:4F:A9:2D:8A:40,-81,23,25,9138233772608,2325
BPGC-NAB,08:4F:A9:39:6A:40,-44,29,20,9138234550848,2920
BPGC-NAB,08:4F:A9:39:68:40,-49,29,20,9138234550336,2920
BPGC-NAB,08:4F:A9:30:00:00,-49,29,20,9138233933824,2920
BPGC-NAB,70:EA:1A:22:9F:20,-62,29,20,124150763134752,2920
DIRECT-1D-HP DeskJet 2600 series,AC:E2:D3:B6:BA:1E,-66,29,20,190090214554142,2920
BPGC-NAB,70:EA:1A:22:97:80,-68,29,20,124150763132800,2920
BPGC-NAB,00:A3:8E:4E:29:A0,-64,29,20,702467156384,2920
sks,88:63:DF:BB:74:A5,-73,29,20,149962536744101,2920
BPGC-NAB,00:A3:8E:60:F2:A0,-76,29,20,702468387488,2920
BPGC-NAB,08:4F:A9:39:68:20,-73,29,20,9138234550304,2920
BPGC-NAB,70:EA:1A:22:87:60,-71,29,20,124150763128672,2920
BPGC-NAB,70:EA:1A:22:A5:A0,-76,29,20,124150763136416,2920
BPGC-NAB,70:EA:1A:22:A0:20,-87,29,20,124150763135008,2920
BPGC-NAB,70:EA:1A:22:92:40,-83,29,20,124150763131456,2920
BPGC-NAB,70:EA:1A:22:AC:00,-89,29,20,124150763138048,2920
BPGC-NAB,08:4F:A9:2D:8A:40,-84,29,20,9138233772608,2920
BPGC-NAB,70:EA:1A:22:A9:40,-90,29,20,124150763137344,2920
BPGC-NAB,70:EA:1A:22:9F:E0,-83,29,20,124150763134944,2920
BPGC-NAB,70:EA:1A:22:98:20,-87,29,20,124150763132960,2920
BPGC-NAB,08:4F:A9:2D:8A:A0,-86,29,20,9138233772704,2920
BPGC-NAB,A8:B4:56:CC:DE:00,-92,29,20,185492503846400,2920
BPGC-NAB,70:EA:1A:22:8F:E0,-96,29,20,124150763130848,2920
BPGC-NAB,70:EA:1A:22:97:80,-41,29,23,124150763132800,2923
BPGC-NAB,70:EA:1A:22:A5:A0,-51,29,23,124150763136416,2923
BPGC-NAB,08:4F:A9:39:6A:40,-52,29,23,9138234550848,2923
BPGC-NAB,70:EA:1A:22:A0:20,-54,29,23,124150763135008,2923
BPGC-NAB,70:EA:1A:22:A9:40,-55,29,23,124150763137344,2923
BPGC-NAB,70:EA:1A:22:96:00,-71,29,23,124150763132416,2923
DIRECT-1D-HP DeskJet 2600 series,AC:E2:D3:B6:BA:1E,-75,29,23,190090214554142,2923
BPGC-NAB,70:EA:1A:22:87:60,-69,29,23,124150763128672,2923
BPGC-NAB,70:EA:1A:22:98:20,-68,29,23,124150763132960,2923
sks,88:63:DF:BB:74:A5,-77,29,23,149962536744101,2923
BPGC-NAB,08:4F:A9:30:00:00,-62,29,23,9138233933824,2923
BPGC-NAB,70:EA:1A:22:AC:00,-62,29,23,124150763138048,2923
BPGC-NAB,A8:B4:56:CC:DE:00,-59,29,23,185492503846400,2923
BPGC-NAB,70:EA:1A:22:8F:E0,-85,29,23,124150763130848,2923
BPGC-NAB,08:4F:A9:39:68:40,-77,29,23,9138234550336,2923
BPGC-NAB,00:A3:8E:60:F2:A0,-73,29,23,702468387488,2923
BPGC-NAB,70:EA:1A:22:9B:E0,-85,29,23,124150763133920,2923
BPGC-NAB,70:EA:1A:22:9F:E0,-86,29,23,124150763134944,2923
BPGC-NAB,08:4F:A9:39:68:20,-88,29,23,9138234550304,2923
BPGC-NAB,A8:B4:56:CA:8F:40,-85,29,23,185492503695168,2923
BPGC-NAB,68:3B:78:E9:C0:E0,-87,29,23,114604640944352,2923
BPGC-NAB,70:EA:1A:22:9B:80,-77,29,23,124150763133824,2923
BPGC-NAB,70:EA:1A:22:AC:00,-41,22,25,124150763138048,2225
BPGC-NAB,70:EA:1A:22:97:80,-62,22,25,124150763132800,2225
BPGC-NAB,70:EA:1A:22:A5:A0,-55,22,25,124150763136416,2225
BPGC-NAB,70:EA:1A:22:A9:40,-56,22,25,124150763137344,2225
BPGC-NAB,70:EA:1A:22:98:20,-65,22,25,124150763132960,2225
BPGC-NAB,00:A3:8E:60:F2:A0,-63,22,25,702468387488,2225
BPGC-NAB,70:EA:1A:22:A0:20,-71,22,25,124150763135008,2225
BPGC-NAB,70:EA:1A:22:96:00,-69,22,25,124150763132416,2225
BPGC-NAB,08:4F:A9:43:38:A0,-73,22,25,9138235193504,2225
BPGC-NAB,A8:B4:56:CC:DE:00,-73,22,25,185492503846400,2225
BPGC-NAB,08:4F:A9:2D:77:40,-81,22,25,9138233767744,2225
BPGC-NAB,00:A3:8E:4E:29:A0,-81,22,25,702467156384,2225
BPGC-NAB,08:4F:A9:10:4B:80,-84,22,25,9138231856000,2225
BPGC-NAB,68:3B:78:E9:C0:E0,-82,22,25,114604640944352,2225
BPGC-NAB,70:EA:1A:22:8F:E0,-81,22,25,124150763130848,2225
BPGC-NAB,70:EA:1A:22:9F:20,-78,22,25,124150763134752,2225
sks,88:63:DF:BB:74:A5,-86,22,25,149962536744101,2225
BPGC-NAB,08:4F:A9:2D:8A:A0,-91,22,25,9138233772704,2225
BPGC-NAB,08:4F:A9:39:68:40,-90,22,25,9138234550336,2225
BPGC-NAB,08:4F:A9:39:68:20,-94,22,25,9138234550304,2225
BPGC-NAB,70:EA:1A:22:A9:A0,-84,22,25,124150763137440,2225
BPGC-NAB,70:EA:1A:22:9B:E0,-90,22,25,124150763133920,2225
BPGC-NAB,70:EA:1A:22:9F:80,-96,22,25,124150763134848,2225
BPGC-NAB,08:4F:A9:2D:8A:40,-89,22,25,9138233772608,2225
BPGC-NAB,70:EA:1A:22:9B:80,-92,22,25,124150763133824,2225
BPGC-NAB,08:4F:A9:30:00:00,-94,22,25,9138233933824,2225
BPGC-NAB,08:4F:A9:39:6A:40,-96,22,25,9138234550848,2225
BPGC-NAB,70:EA:1A:22:87:60,-92,22,25,124150763128672,2225
BPGC-NAB,70:EA:1A:22:A5:A0,-41,26,25,124150763136416,2625
BPGC-NAB,70:EA:1A:22:A9:40,-45,26,25,124150763137344,2625
BPGC-NAB,70:EA:1A:22:97:80,-57,26,25,124150763132800,2625
BPGC-NAB,70:EA:1A:22:A0:20,-64,26,25,124150763135008,2625
BPGC-NAB,70:EA:1A:22:AC:00,-63,26,25,124150763138048,2625
BPGC-NAB,70:EA:1A:22:96:00,-74,26,25,124150763132416,2625
BPGC-NAB,70:EA:1A:22:98:20,-70,26,25,124150763132960,2625
BPGC-NAB,00:A3:8E:60:F2:A0,-81,26,25,702468387488,2625
BPGC-NAB,70:EA:1A:22:87:60,-81,26,25,124150763128672,2625
BPGC-NAB,A8:B4:56:CC:DE:00,-71,26,25,185492503846400,2625
DIRECT-1D-HP DeskJet 2600 series,AC:E2:D3:B6:BA:1E,-82,26,25,190090214554142,2625
BPGC-NAB,08:4F:A9:39:68:40,-80,26,25,9138234550336,2625
sks,88:63:DF:BB:74:A5,-77,26,25,149962536744101,2625
BPGC-NAB,00:A3:8E:4E:29:A0,-84,26,25,702467156384,2625
BPGC-NAB,08:4F:A9:43:38:A0,-85,26,25,9138235193504,2625
BPGC-NAB,08:4F:A9:2D:77:40,-82,26,25,9138233767744,2625
BPGC-NAB,08:4F:A9:39:68:20,-85,26,25,9138234550304,2625
BPGC-NAB,08:4F:A9:30:00:00,-87,26,25,9138233933824,2625
BPGC-NAB,68:3B:78:E9:C0:E0,-82,26,25,114604640944352,2625
BPGC-NAB,08:4F:A9:10:4B:80,-95,26,25,9138231856000,2625
BPGC-NAB,70:EA:1A:22:9B:80,-95,26,25,124150763133824,2625
BPGC-NAB,70:EA:1A:22:9B:E0,-92,26,25,124150763133920,2625
BPGC-NAB,08:4F:A9:2D:8A:40,-91,26,25,9138233772608,2625
BPGC-NAB,70:EA:1A:22:8F:E0,-91,26,25,124150763130848,2625
TheLastUchiha,06:92:26:A2:85:2C,-95,26,25,7224783177004,2625
BPGC-NAB,70:EA:1A:22:9F:20,-92,26,25,124150763134752,2625
BPGC-NAB,70:EA:1A:22:96:20,-93,26,25,124150763132448,2625
BPGC-NAB,08:4F:A9:39:6A:40,-94,26,25,9138234550848,2625
BPGC-NAB,70:EA:1A:22:92:40,-95,26,25,124150763131456,2625
BPGC-NAB,70:EA:1A:22:9F:20,-46,23,20,124150763134752,2320
BPGC-NAB,00:A3:8E:4E:29:A0,-47,23,20,702467156384,2320
BPGC-NAB,08:4F:A9:39:68:40,-60,23,20,9138234550336,2320
BPGC-NAB,08:4F:A9:30:00:00,-64,23,20,9138233933824,2320
BPGC-NAB,08:4F:A9:2D:8A:A0,-69,23,20,9138233772704,2320
BPGC-NAB,00:A3:8E:60:F2:A0,-69,23,20,702468387488,2320
sks,88:63:DF:BB:74:A5,-71,23,20,149962536744101,2320
BPGC-NAB,70:EA:1A:22:AC:00,-74,23,20,124150763138048,2320
BPGC-NAB,08:4F:A9:2D:8A:40,-70,23,20,9138233772608,2320
DIRECT-1D-HP DeskJet 2600 series,AC:E2:D3:B6:BA:1E,-76,23,20,190090214554142,2320
BPGC-NAB,70:EA:1A:22:A9:40,-82,23,20,124150763137344,2320
BPGC-NAB,08:4F:A9:39:68:20,-77,23,20,9138234550304,2320
BPGC-NAB,70:EA:1A:22:96:00,-87,23,20,124150763132416,2320
BPGC-NAB,70:EA:1A:22:A9:A0,-85,23,20,124150763137440,2320
BPGC-NAB,70:EA:1A:22:A5:A0,-79,23,20,124150763136416,2320
BPGC-NAB,70:EA:1A:22:98:20,-86,23,20,124150763132960,2320
BPGC-NAB,70:EA:1A:22:97:80,-89,23,20,124150763132800,2320
BPGC-NAB,08:4F:A9:39:6A:40,-91,23,20,9138234550848,2320
SAIMAA,04:95:E6:82:45:88,-92,23,20,5041863935368,2320
BPGC-NAB,08:4F:A9:43:38:A0,-95,23,20,9138235193504,2320
BPGC-NAB,70:EA:1A:22:A0:20,-92,23,20,124150763135008,2320
BPGC-NAB,08:4F:A9:10:4B:80,-89,23,20,9138231856000,2320
BPGC-NAB,70:EA:1A:22:8F:E0,-95,23,20,124150763130848,2320
BPGC-NAB,A8:B4:56:CC:DE:00,-92,23,20,185492503846400,2320
TG,80:14:A8:BE:BB:28,-96,23,20,140826218773288,2320
BPGC-NAB,70:EA:1A:22:97:80,-41,29,24,124150763132800,2924
BPGC-NAB,70:EA:1A:22:A0:20,-59,29,24,124150763135008,2924
BPGC-NAB,A8:B4:56:CC:DE:00,-71,29,24,185492503846400,2924
BPGC-NAB,70:EA:1A:22:A9:40,-71,29,24,124150763137344,2924
BPGC-NAB,70:EA:1A:22:96:00,-74,29,24,124150763132416,2924
BPGC-NAB,08:4F:A9:39:6A:40,-69,29,24,9138234550848,2924
BPGC-NAB,08:4F:A9:30:00:00,-78,29,24,9138233933824,2924
BPGC-NAB,70:EA:1A:22:98:20,-78,29,24,124150763132960,2924
BPGC-NAB,70:EA:1A:22:AC:00,-70,29,24,124150763138048,2924
BPGC-NAB,70:EA:1A:22:87:60,-84,29,24,124150763128672,2924
BPGC-NAB,00:A3:8E:60:F2:A0,-82,29,24,702468387488,2924
BPGC-NAB,70:EA:1A:22:9B:E0,-92,29,24,124150763133920,2924
BPGC-NAB,70:EA:1A:22:8F:E0,-93,29,24,124150763130848,2924
BPGC-NAB,08:4F:A9:39:68:40,-86,29,24,9138234550336,2924
DIRECT-1D-HP DeskJet 2600 series,AC:E2:D3:B6:BA:1E,-89,29,24,190090214554142,2924
sks,88:63:DF:BB:74:A5,-95,29,24,149962536744101,2924
SAIMAA,04:95:E6:82:45:88,-96,29,24,5041863935368,2924
BPGC-NAB,70:EA:1A:22:A5:A0,-63,29,24,124150763136416,2924
BPGC-NAB,70:EA:1A:22:9B:80,-91,29,24,124150763133824,2924
BPGC-NAB,08:4F:A9:43:38:A0,-94,29,24,9138235193504,2924
BPGC-NAB,00:A3:8E:4E:29:A0,-97,29,24,702467156384,2924
BPGC-NAB,08:4F:A9:2D:77:40,-96,29,24,9138233767744,2924
BPGC-NAB,08:4F:A9:10:4B:80,-96,29,24,9138231856000,2924
BPGC-NAB,70:EA:1A:22:96:A0,-97,29,24,124150763132576,2924
BPGC-NAB,08:4F:A9:39:6A:40,-35,29,19,9138234550848,2919
BPGC-NAB,08:4F:A9:30:00:00,-51,29,19,9138233933824,2919
DIRECT-1D-HP DeskJet 2600 series,AC:E2:D3:B6:BA:1E,-57,29,19,190090214554142,2919
BPGC-NAB,08:4F:A9:39:68:40,-60,29,19,9138234550336,2919
sks,88:63:DF:BB:74:A5,-65,29,19,149962536744101,2919
BPGC-NAB,70:EA:1A:22:87:60,-75,29,19,124150763128672,2919
BPGC-NAB,70:EA:1A:22:97:80,-64,29,19,124150763132800,2919
BPGC-NAB,70:EA:1A:22:A0:20,-87,29,19,124150763135008,2919
BPGC-NAB,70:EA:1A:22:A5:A0,-70,29,19,124150763136416,2919
BPGC-NAB,70:EA:1A:22:98:20,-88,29,19,124150763132960,2919
BPGC-NAB,00:A3:8E:4E:29:A0,-80,29,19,702467156384,2919
BPGC-NAB,70:EA:1A:22:AC:00,-88,29,19,124150763138048,2919
BPGC-NAB,70:EA:1A:22:9F:E0,-69,29,19,124150763134944,2919
BPGC-NAB,70:EA:1A:22:9F:20,-89,29,19,124150763134752,2919
BPGC-NAB,70:EA:1A:22:9F:20,-37,20,20,124150763134752,2020
BPGC-NAB,08:4F:A9:30:00:00,-59,20,20,9138233933824,2020
BPGC-NAB,00:A3:8E:60:F2:A0,-46,20,20,702468387488,2020
BPGC-NAB,70:EA:1A:22:AC:00,-56,20,20,124150763138048,2020
BPGC-NAB,00:A3:8E:4E:29:A0,-57,20,20,702467156384,2020
BPGC-NAB,08:4F:A9:2D:8A:A0,-63,20,20,9138233772704,2020
BPGC-NAB,70:EA:1A:22:8F:E0,-63,20,20,124150763130848,2020
DIRECT-1D-HP DeskJet 2600 series,AC:E2:D3:B6:BA:1E,-75,20,20,190090214554142,2020
BPGC-NAB,08:4F:A9:39:68:40,-57,20,20,9138234550336,2020
BPGC-NAB,70:EA:1A:22:A9:40,-72,20,20,124150763137344,2020
BPGC-NAB,70:EA:1A:22:97:80,-73,20,20,124150763132800,2020
BPGC-NAB,70:EA:1A:22:A9:A0,-70,20,20,124150763137440,2020
BPGC-NAB,08:4F:A9:2D:8A:40,-73,20,20,9138233772608,2020
BPGC-NAB,08:4F:A9:10:4B:80,-62,20,20,9138231856000,2020
BPGC-NAB,08:4F:A9:39:68:20,-70,20,20,9138234550304,2020
BPGC-NAB,70:EA:1A:22:A5:A0,-79,20,20,124150763136416,2020
BPGC-NAB,A8:B4:56:CC:DE:00,-74,20,20,185492503846400,2020
sks,88:63:DF:BB:74:A5,-70,20,20,149962536744101,2020
BPGC-NAB,08:4F:A9:43:38:A0,-89,20,20,9138235193504,2020
CRT-MIFI,8C:21:A7:E1:4E:22,-81,20,20,154076178370082,2020
BPGC-NAB,70:EA:1A:22:96:00,-71,20,20,124150763132416,2020
BPGC-NAB,70:EA:1A:22:98:20,-72,20,20,124150763132960,2020
BPGC-NAB,70:EA:1A:22:A0:20,-90,20,20,124150763135008,2020
BPGC-NAB,70:EA:1A:22:AC:00,-43,20,25,124150763138048,2025
BPGC-NAB,70:EA:1A:22:8F:E0,-64,20,25,124150763130848,2025
BPGC-NAB,70:EA:1A:22:A5:A0,-61,20,25,124150763136416,2025
BPGC-NAB,00:A3:8E:60:F2:A0,-58,20,25,702468387488,2025
BPGC-NAB,70:EA:1A:22:A9:40,-59,20,25,124150763137344,2025
BPGC-NAB,70:EA:1A:22:97:80,-62,20,25,124150763132800,2025
BPGC-NAB,70:EA:1A:22:9F:20,-73,20,25,124150763134752,2025
BPGC-NAB,70:EA:1A:22:96:00,-76,20,25,124150763132416,2025
BPGC-NAB,70:EA:1A:22:98:20,-78,20,25,124150763132960,2025
BPGC-NAB,A8:B4:56:CC:DE:00,-81,20,25,185492503846400,2025
BPGC-NAB,08:4F:A9:10:4B:80,-71,20,25,9138231856000,2025
BPGC-NAB,08:4F:A9:2D:77:40,-77,20,25,9138233767744,2025
BPGC-NAB,70:EA:1A:22:A0:20,-75,20,25,124150763135008,2025
BPGC-NAB,68:3B:78:E9:C0:E0,-77,20,25,114604640944352,2025
BPGC-NAB,70:EA:1A:22:A9:A0,-80,20,25,124150763137440,2025
BPGC-NAB,08:4F:A9:43:38:A0,-84,20,25,9138235193504,2025
BPGC-NAB,00:A3:8E:4E:29:A0,-91,20,25,702467156384,2025
BPGC-WIFI,40:01:7A:B1:00:40,-86,20,25,70375097565248,2025
BPGC-LT,40:01:7A:B1:00:41,-87,20,25,70375097565249,2025
BPGC-NAB,08:4F:A9:2D:8A:A0,-90,20,25,9138233772704,2025
BPGC-NAB,08:4F:A9:30:00:00,-90,20,25,9138233933824,2025
BPGC-NAB,08:4F:A9:39:68:40,-94,20,25,9138234550336,2025
sks,88:63:DF:BB:74:A5,-95,20,25,149962536744101,2025
BPGC-NAB,00:A3:8E:60:F2:A0,-66,20,27,702468387488,2027
BPGC-NAB,70:EA:1A:22:8F:E0,-72,20,27,124150763130848,2027
BPGC-NAB,68:3B:78:E9:C0:E0,-71,20,27,114604640944352,2027
BPGC-NAB,08:4F:A9:2D:77:40,-73,20,27,9138233767744,2027
BPGC-NAB,70:EA:1A:22:AC:00,-73,20,27,124150763138048,2027
BPGC-NAB,08:4F:A9:43:38:A0,-68,20,27,9138235193504,2027
BPGC-NAB,70:EA:1A:22:9F:20,-81,20,27,124150763134752,2027
BPGC-NAB,08:4F:A9:10:4B:80,-84,20,27,9138231856000,2027
BPGC-NAB,70:EA:1A:22:A9:40,-88,20,27,124150763137344,2027
BPGC-NAB,70:EA:1A:22:96:00,-94,20,27,124150763132416,2027
BPGC-NAB,70:EA:1A:22:A9:A0,-94,20,27,124150763137440,2027
BPGC-NAB,70:EA:1A:22:A5:A0,-90,20,27,124150763136416,2027
BPGC-NAB,70:EA:1A:22:97:80,-90,20,27,124150763132800,2027
BPGC-NAB,70:EA:1A:22:98:20,-94,20,27,124150763132960,2027
BPGC-NAB,A8:B4:56:CC:DE:00,-96,20,27,185492503846400,2027
BPGC-NAB,A8:B4:56:CA:8F:40,-93,20,27,185492503695168,2027
BPGC-NAB,70:EA:1A:22:96:20,-95,20,27,124150763132448,2027
BPGC-NAB,00:A3:8E:60:F2:A0,-39,20,21,702468387488,2021
BPGC-NAB,08:4F:A9:10:4B:80,-59,20,21,9138231856000,2021
BPGC-NAB,70:EA:1A:22:AC:00,-59,20,21,124150763138048,2021
BPGC-NAB,70:EA:1A:22:8F:E0,-65,20,21,124150763130848,2021
BPGC-NAB,70:EA:1A:22:96:00,-72,20,21,124150763132416,2021
BPGC-NAB,70:EA:1A:22:9F:20,-68,20,21,124150763134752,2021
BPGC-NAB,70:EA:1A:22:A9:40,-77,20,21,124150763137344,2021
BPGC-NAB,70:EA:1A:22:97:80,-78,20,21,124150763132800,2021
BPGC-NAB,70:EA:1A:22:98:20,-75,20,21,124150763132960,2021
BPGC-NAB,A8:B4:56:CC:DE:00,-84,20,21,185492503846400,2021
BPGC-NAB,70:EA:1A:22:A0:20,-77,20,21,124150763135008,2021
BPGC-NAB,70:EA:1A:22:A9:A0,-82,20,21,124150763137440,2021
BPGC-NAB,00:A3:8E:4E:29:A0,-79,20,21,702467156384,2021
BPGC-NAB,08:4F:A9:2D:77:40,-85,20,21,9138233767744,2021
BPGC-NAB,70:EA:1A:22:A5:A0,-80,20,21,124150763136416,2021
BPGC-NAB,08:4F:A9:2D:8A:A0,-89,20,21,9138233772704,2021
BPGC-NAB,08:4F:A9:30:00:00,-82,20,21,9138233933824,2021
BPGC-NAB,08:4F:A9:2D:8A:40,-94,20,21,9138233772608,2021
BPGC-NAB,08:4F:A9:39:68:40,-83,20,21,9138234550336,2021
BPGC-NAB,68:3B:78:E9:C0:E0,-90,20,21,114604640944352,2021
BPGC-NAB,08:4F:A9:39:68:20,-94,20,21,9138234550304,2021
sks,88:63:DF:BB:74:A5,-96,20,21,149962536744101,2021
BPGC-WIFI,40:01:7A:AF:D3:60,-93,20,21,70375097488224,2021
BPGC-NAB,70:EA:1A:22:97:80,-47,28,25,124150763132800,2825
BPGC-NAB,70:EA:1A:22:A5:A0,-51,28,25,124150763136416,2825
BPGC-NAB,70:EA:1A:22:A9:40,-66,28,25,124150763137344,2825
BPGC-NAB,A8:B4:56:CC:DE:00,-67,28,25,185492503846400,2825
BPGC-NAB,70:EA:1A:22:AC:00,-72,28,25,124150763138048,2825
BPGC-NAB,70:EA:1A:22:98:20,-73,28,25,124150763132960,2825
BPGC-NAB,70:EA:1A:22:A0:20,-74,28,25,124150763135008,2825
BPGC-NAB,08:4F:A9:30:00:00,-76,28,25,9138233933824,2825
BPGC-NAB,08:4F:A9:39:6A:40,-78,28,25,9138234550848,2825
BPGC-NAB,70:EA:1A:22:96:00,-81,28,25,124150763132416,2825
BPGC-NAB,70:EA:1A:22:87:60,-81,28,25,124150763128672,2825
BPGC-NAB,08:4F:A9:39:68:40,-84,28,25,9138234550336,2825
BPGC-NAB,00:A3:8E:4E:29:A0,-88,28,25,702467156384,2825
BPGC-NAB,00:A3:8E:60:F2:A0,-90,28,25,702468387488,2825
BPGC-NAB,70:EA:1A:22:8F:E0,-92,28,25,124150763130848,2825
BPGC-NAB,08:4F:A9:39:68:20,-93,28,25,9138234550304,2825
DIRECT-1D-HP DeskJet 2600 series,AC:E2:D3:B6:BA:1E,-94,28,25,190090214554142,2825
BPGC-NAB,A8:B4:56:CA:8F:40,-94,28,25,185492503695168,2825
BPGC-NAB,08:4F:A9:10:4B:80,-94,28,25,9138231856000,2825
BPGC-NAB,70:EA:1A:22:9B:E0,-95,28,25,124150763133920,2825
sks,88:63:DF:BB:74:A5,-96,28,25,149962536744101,2825
BPGC-NAB,70:EA:1A:22:92:40,-96,28,25,124150763131456,2825
BPGC-NAB,70:EA:1A:22:9B:80,-96,28,25,124150763133824,2825
BPGC-NAB,70:EA:1A:22:9F:E0,-96,28,25,124150763134944,2825
BPGC-NAB,00:A3:8E:60:F2:A0,-36,20,22,702468387488,2022
BPGC-NAB,70:EA:1A:22:AC:00,-51,20,22,124150763138048,2022
BPGC-NAB,08:4F:A9:10:4B:80,-50,20,22,9138231856000,2022
BPGC-NAB,70:EA:1A:22:A0:20,-63,20,22,124150763135008,2022
BPGC-NAB,70:EA:1A:22:97:80,-62,20,22,124150763132800,2022
BPGC-NAB,70:EA:1A:22:9F:20,-65,20,22,124150763134752,2022
BPGC-NAB,70:EA:1A:22:96:00,-62,20,22,124150763132416,2022
BPGC-NAB,70:EA:1A:22:A5:A0,-67,20,22,124150763136416,2022
BPGC-NAB,70:EA:1A:22:A9:40,-66,20,22,124150763137344,2022
BPGC-NAB,70:EA:1A:22:98:20,-59,20,22,124150763132960,2022
BPGC-NAB,A8:B4:56:CC:DE:00,-72,20,22,185492503846400,2022
BPGC-NAB,70:EA:1A:22:A9:A0,-78,20,22,124150763137440,2022
BPGC-NAB,08:4F:A9:43:38:A0,-80,20,22,9138235193504,2022
BPGC-NAB,00:A3:8E:4E:29:A0,-83,20,22,702467156384,2022
sks,88:63:DF:BB:74:A5,-83,20,22,149962536744101,2022
BPGC-NAB,08:4F:A9:39:68:40,-77,20,22,9138234550336,2022
BPGC-WIFI,40:01:7A:B1:00:40,-82,20,22,70375097565248,2022
BPGC-NAB,08:4F:A9:39:6A:40,-52,29,22,9138234550848,2922
BPGC-NAB,70:EA:1A:22:97:80,-56,29,22,124150763132800,2922
BPGC-NAB,08:4F:A9:30:00:00,-62,29,22,9138233933824,2922
BPGC-NAB,70:EA:1A:22:A5:A0,-66,29,22,124150763136416,2922
BPGC-NAB,70:EA:1A:22:A9:40,-71,29,22,124150763137344,2922
BPGC-NAB,A8:B4:56:CC:DE:00,-69,29,22,185492503846400,2922
BPGC-NAB,70:EA:1A:22:87:60,-68,29,22,124150763128672,2922
DIRECT-1D-HP DeskJet 2600 series,AC:E2:D3:B6:BA:1E,-73,29,22,190090214554142,2922
BPGC-NAB,70:EA:1A:22:98:20,-68,29,22,124150763132960,2922
BPGC-NAB,08:4F:A9:39:68:40,-69,29,22,9138234550336,2922
BPGC-NAB,70:EA:1A:22:AC:00,-63,29,22,124150763138048,2922
BPGC-NAB,70:EA:1A:22:A0:20,-66,29,22,124150763135008,2922
BPGC-NAB,00:A3:8E:4E:29:A0,-86,29,22,702467156384,2922
sks,88:63:DF:BB:74:A5,-78,29,22,149962536744101,2922
BPGC-NAB,70:EA:1A:22:96:00,-67,29,22,124150763132416,2922
BPGC-NAB,70:EA:1A:22:9F:20,-88,29,22,124150763134752,2922
BPGC-NAB,08:4F:A9:39:68:20,-87,29,22,9138234550304,2922
BPGC-NAB,00:A3:8E:60:F2:A0,-85,29,22,702468387488,2922
BPGC-NAB,70:EA:1A:22:92:40,-91,29,22,124150763131456,2922
BPGC-NAB,70:EA:1A:22:9B:E0,-96,29,22,124150763133920,2922
BPGC-NAB,70:EA:1A:22:9F:E0,-92,29,22,124150763134944,2922
BPGC-NAB,70:EA:1A:22:8F:E0,-91,29,22,124150763130848,2922
BPGC-NAB,08:4F:A9:10:4B:80,-94,29,22,9138231856000,2922
BPGC-NAB,A8:B4:56:CA:8F:40,-94,29,22,185492503695168,2922
BPGC-NAB,08:4F:A9:2D:77:40,-96,29,22,9138233767744,2922
BPGC-NAB,08:4F:A9:39:68:40,-30,26,20,9138234550336,2620
BPGC-NAB,00:A3:8E:4E:29:A0,-47,26,20,702467156384,2620
BPGC-NAB,08:4F:A9:30:00:00,-39,26,20,9138233933824,2620
BPGC-NAB,70:EA:1A:22:9F:20,-50,26,20,124150763134752,2620
sks,88:63:DF:BB:74:A5,-52,26,20,149962536744101,2620
BPGC-NAB,08:4F:A9:39:68:20,-62,26,20,9138234550304,2620
DIRECT-1D-HP DeskJet 2600 series,AC:E2:D3:B6:BA:1E,-51,26,20,190090214554142,2620
BPGC-NAB,08:4F:A9:2D:8A:40,-68,26,20,9138233772608,2620
BPGC-NAB,70:EA:1A:22:A9:40,-75,26,20,124150763137344,2620
BPGC-NAB,70:EA:1A:22:A5:A0,-73,26,20,124150763136416,2620
BPGC-NAB,70:EA:1A:22:97:80,-78,26,20,124150763132800,2620
BPGC-NAB,00:A3:8E:60:F2:A0,-69,26,20,702468387488,2620
BPGC-NAB,A8:B4:56:CC:DE:00,-80,26,20,185492503846400,2620
BPGC-NAB,08:4F:A9:39:6A:40,-69,26,20,9138234550848,2620
BPGC-NAB,08:4F:A9:2D:8A:A0,-72,26,20,9138233772704,2620
BPGC-NAB,70:EA:1A:22:AC:00,-81,26,20,124150763138048,2620
BPGC-NAB,70:EA:1A:22:A0:20,-74,26,20,124150763135008,2620
BPGC-NAB,70:EA:1A:22:98:20,-83,26,20,124150763132960,2620
BPGC-NAB,08:4F:A9:39:6A:40,-50,30,23,9138234550848,3023
BPGC-NAB,70:EA:1A:22:97:80,-49,30,23,124150763132800,3023
BPGC-NAB,70:EA:1A:22:A5:A0,-55,30,23,124150763136416,3023
BPGC-NAB,70:EA:1A:22:A9:40,-63,30,23,124150763137344,3023
BPGC-NAB,70:EA:1A:22:A0:20,-59,30,23,124150763135008,3023
BPGC-NAB,70:EA:1A:22:98:20,-67,30,23,124150763132960,3023
BPGC-NAB,70:EA:1A:22:AC:00,-64,30,23,124150763138048,3023
BPGC-NAB,A8:B4:56:CC:DE:00,-64,30,23,185492503846400,3023
BPGC-NAB,08:4F:A9:30:00:00,-75,30,23,9138233933824,3023
BPGC-NAB,70:EA:1A:22:96:00,-77,30,23,124150763132416,3023
BPGC-NAB,70:EA:1A:22:87:60,-81,30,23,124150763128672,3023
BPGC-NAB,00:A3:8E:60:F2:A0,-71,30,23,702468387488,3023
BPGC-NAB,08:4F:A9:39:68:40,-87,30,23,9138234550336,3023
DIRECT-1D-HP DeskJet 2600 series,AC:E2:D3:B6:BA:1E,-87,30,23,190090214554142,3023
BPGC-NAB,08:4F:A9:2D:77:40,-96,30,23,9138233767744,3023
BPGC-NAB,70:EA:1A:22:9B:80,-94,30,23,124150763133824,3023
BPGC-NAB,70:EA:1A:22:8F:E0,-91,30,23,124150763130848,3023
BPGC-NAB,70:EA:1A:22:9B:E0,-94,30,23,124150763133920,3023
sks,88:63:DF:BB:74:A5,-89,30,23,149962536744101,3023
BPGC-WIFI,40:01:7A:C6:A5:60,-92,30,23,70375098983776,3023
BPGC-NAB,70:EA:1A:22:9F:20,-92,30,23,124150763134752,3023
BPGC-LT,40:01:7A:C6:A5:61,-93,30,23,70375098983777,3023
CRT-MIFI,8C:21:A7:E1:4E:22,-91,30,23,154076178370082,3023
BPGC-NAB,08:4F:A9:10:4B:80,-96,30,23,9138231856000,3023
BPGC-NAB,00:A3:8E:4E:29:A0,-96,30,23,702467156384,3023
BPGC-NAB,08:4F:A9:39:68:20,-96,30,23,9138234550304,3023
BPGC-NAB,70:EA:1A:22:A9:40,-37,25,25,124150763137344,2525
BPGC-NAB,70:EA:1A:22:A5:A0,-40,25,25,124150763136416,2525
BPGC-NAB,70:EA:1A:22:AC:00,-54,25,25,124150763138048,2525
BPGC-NAB,70:EA:1A:22:97:80,-57,25,25,124150763132800,2525
BPGC-NAB,70:EA:1A:22:98:20,-55,25,25,124150763132960,2525
BPGC-NAB,70:EA:1A:22:A0:20,-62,25,25,124150763135008,2525
BPGC-NAB,00:A3:8E:60:F2:A0,-67,25,25,702468387488,2525
BPGC-NAB,A8:B4:56:CC:DE:00,-66,25,25,185492503846400,2525
BPGC-NAB,70:EA:1A:22:96:00,-67,25,25,124150763132416,2525
sks,88:63:DF:BB:74:A5,-67,25,25,149962536744101,2525
BPGC-NAB,08:4F:A9:2D:77:40,-70,25,25,9138233767744,2525
BPGC-NAB,70:EA:1A:22:87:60,-74,25,25,124150763128672,2525
BPGC-NAB,08:4F:A9:39:68:40,-73,25,25,9138234550336,2525
BPGC-NAB,68:3B:78:E9:C0:E0,-73,25,25,114604640944352,2525
BPGC-NAB,70:EA:1A:22:9F:20,-78,25,25,124150763134752,2525
BPGC-NAB,00:A3:8E:4E:29:A0,-72,25,25,702467156384,2525
BPGC-NAB,08:4F:A9:30:00:00,-76,25,25,9138233933824,2525
BPGC-NAB,70:EA:1A:22:8F:E0,-80,25,25,124150763130848,2525
BPGC-NAB,08:4F:A9:43:38:A0,-72,25,25,9138235193504,2525
BPGC-NAB,70:EA:1A:22:9B:80,-83,25,25,124150763133824,2525
BPGC-NAB,70:EA:1A:22:A9:A0,-83,25,25,124150763137440,2525
BPGC-NAB,08:4F:A9:39:68:20,-80,25,25,9138234550304,2525
BPGC-NAB,70:EA:1A:22:9B:E0,-82,25,25,124150763133920,2525
DIRECT-1D-HP DeskJet 2600 series,AC:E2:D3:B6:BA:1E,-82,25,25,190090214554142,2525
BPGC-NAB,08:4F:A9:30:00:00,-34,28,20,9138233933824,2820
DIRECT-1D-HP DeskJet 2600 series,AC:E2:D3:B6:BA:1E,-54,28,20,190090214554142,2820
BPGC-NAB,08:4F:A9:39:6A:40,-55,28,20,9138234550848,2820
BPGC-NAB,08:4F:A9:39:68:40,-40,28,20,9138234550336,2820
BPGC-NAB,70:EA:1A:22:97:80,-62,28,20,124150763132800,2820
BPGC-NAB,70:EA:1A:22:A5:A0,-65,28,20,124150763136416,2820
BPGC-NAB,70:EA:1A:22:87:60,-66,28,20,124150763128672,2820
BPGC-NAB,08:4F:A9:39:68:20,-63,28,20,9138234550304,2820
BPGC-NAB,00:A3:8E:4E:29:A0,-52,28,20,702467156384,2820
sks,88:63:DF:BB:74:A5,-62,28,20,149962536744101,2820
BPGC-NAB,70:EA:1A:22:9F:20,-58,28,20,124150763134752,2820
BPGC-NAB,08:4F:A9:2D:8A:40,-74,28,20,9138233772608,2820
BPGC-NAB,70:EA:1A:22:A9:40,-77,28,20,124150763137344,2820
BPGC-NAB,70:EA:1A:22:AC:00,-82,28,20,124150763138048,2820
BPGC-NAB,00:A3:8E:60:F2:A0,-76,28,20,702468387488,2820
BPGC-NAB,70:EA:1A:22:98:20,-82,28,20,124150763132960,2820
BPGC-NAB,70:EA:1A:22:AC:00,-38,21,25,124150763138048,2125
BPGC-NAB,70:EA:1A:22:97:80,-54,21,25,124150763132800,2125
BPGC-NAB,70:EA:1A:22:A9:40,-54,21,25,124150763137344,2125
BPGC-NAB,70:EA:1A:22:98:20,-58,21,25,124150763132960,2125
BPGC-NAB,00:A3:8E:60:F2:A0,-53,21,25,702468387488,2125
BPGC-NAB,70:EA:1A:22:A5:A0,-46,21,25,124150763136416,2125
BPGC-NAB,70:EA:1A:22:96:00,-57,21,25,124150763132416,2125
BPGC-NAB,70:EA:1A:22:A0:20,-71,21,25,124150763135008,2125
BPGC-NAB,70:EA:1A:22:8F:E0,-71,21,25,124150763130848,2125
BPGC-NAB,08:4F:A9:10:4B:80,-75,21,25,9138231856000,2125
BPGC-NAB,70:EA:1A:22:9F:20,-69,21,25,124150763134752,2125
BPGC-NAB,A8:B4:56:CC:DE:00,-72,21,25,185492503846400,2125
BPGC-NAB,08:4F:A9:2D:8A:40,-82,21,25,9138233772608,2125
BPGC-NAB,70:EA:1A:22:A9:A0,-71,21,25,124150763137440,2125
BPGC-NAB,08:4F:A9:2D:77:40,-74,21,25,9138233767744,2125
BPGC-NAB,08:4F:A9:43:38:A0,-75,21,25,9138235193504,2125
BPGC-NAB,70:EA:1A:22:87:60,-83,21,25,124150763128672,2125
BPGC-NAB,70:EA:1A:22:9B:E0,-87,21,25,124150763133920,2125
sks,88:63:DF:BB:74:A5,-81,21,25,149962536744101,2125
DIRECT-1D-HP DeskJet 2600 series,AC:E2:D3:B6:BA:1E,-82,21,25,190090214554142,2125
BPGC-NAB,70:EA:1A:22:9F:20,-31,22,20,124150763134752,2220
BPGC-NAB,00:A3:8E:4E:29:A0,-45,22,20,702467156384,2220
BPGC-NAB,08:4F:A9:39:68:40,-54,22,20,9138234550336,2220
BPGC-NAB,08:4F:A9:2D:8A:40,-65,22,20,9138233772608,2220
sks,88:63:DF:BB:74:A5,-65,22,20,149962536744101,2220
BPGC-NAB,08:4F:A9:30:00:00,-58,22,20,9138233933824,2220
BPGC-NAB,70:EA:1A:22:AC:00,-70,22,20,124150763138048,2220
DIRECT-1D-HP DeskJet 2600 series,AC:E2:D3:B6:BA:1E,-72,22,20,190090214554142,2220
BPGC-NAB,08:4F:A9:2D:8A:A0,-63,22,20,9138233772704,2220
BPGC-NAB,08:4F:A9:39:68:20,-80,22,20,9138234550304,2220
BPGC-NAB,70:EA:1A:22:A9:40,-78,22,20,124150763137344,2220
BPGC-NAB,70:EA:1A:22:97:80,-79,22,20,124150763132800,2220
BPGC-NAB,70:EA:1A:22:96:00,-83,22,20,124150763132416,2220
BPGC-NAB,00:A3:8E:60:F2:A0,-64,22,20,702468387488,2220
BPGC-NAB,70:EA:1A:22:98:20,-84,22,20,124150763132960,2220
BPGC-NAB,08:4F:A9:39:6A:40,-84,22,20,9138234550848,2220
BPGC-NAB,70:EA:1A:22:A5:A0,-81,22,20,124150763136416,2220
BPGC-NAB,A8:B4:56:CC:DE:00,-90,22,20,185492503846400,2220
BPGC-NAB,70:EA:1A:22:97:80,-50,31,23,124150763132800,3123
BPGC-NAB,A8:B4:56:CC:DE:00,-57,31,23,185492503846400,3123
BPGC-NAB,70:EA:1A:22:A9:40,-65,31,23,124150763137344,3123
BPGC-NAB,70:EA:1A:22:A5:A0,-66,31,23,124150763136416,3123
BPGC-NAB,70:EA:1A:22:98:20,-69,31,23,124150763132960,3123
BPGC-NAB,70:EA:1A:22:A0:20,-55,31,23,124150763135008,3123
BPGC-NAB,00:A3:8E:60:F2:A0,-79,31,23,702468387488,3123
BPGC-NAB,08:4F:A9:30:00:00,-80,31,23,9138233933824,3123
BPGC-NAB,70:EA:1A:22:AC:00,-67,31,23,124150763138048,3123
BPGC-NAB,70:EA:1A:22:96:00,-79,31,23,124150763132416,3123
DIRECT-1D-HP DeskJet 2600 series,AC:E2:D3:B6:BA:1E,-93,31,23,190090214554142,3123
BPGC-NAB,70:EA:1A:22:9B:E0,-94,31,23,124150763133920,3123
BPGC-NAB,70:EA:1A:22:9B:80,-93,31,23,124150763133824,3123
BPGC-NAB,08:4F:A9:39:6A:40,-81,31,23,9138234550848,3123
BPGC-NAB,70:EA:1A:22:87:60,-83,31,23,124150763128672,3123
BPGC-NAB,08:4F:A9:39:68:40,-85,31,23,9138234550336,3123
BPGC-NAB,08:4F:A9:43:38:A0,-94,31,23,9138235193504,3123
BPGC-NAB,70:EA:1A:22:8F:E0,-90,31,23,124150763130848,3123
BPGC-NAB,08:4F:A9:2D:77:40,-96,31,23,9138233767744,3123
BPGC-NAB,70:EA:1A:22:9F:E0,-95,31,23,124150763134944,3123
BPGC-NAB,70:EA:1A:22:92:40,-96,31,23,124150763131456,3123
CRT-MIFI,8C:21:A7:E1:4E:22,-96,31,23,154076178370082,3123
BPGC-NAB,70:EA:1A:22:9F:20,-94,31,23,124150763134752,3123
sks,88:63:DF:BB:74:A5,-94,31,23,149962536744101,3123
BPGC-NAB,08:4F:A9:39:68:20,-95,31,23,9138234550304,3123
BPGC-NAB,08:4F:A9:10:4B:80,-94,31,23,9138231856000,3123
BPGC-NAB,00:A3:8E:4E:29:A0,-46,25,20,702467156384,2520
BPGC-NAB,08:4F:A9:39:68:40,-47,25,20,9138234550336,2520
BPGC-NAB,70:EA:1A:22:9F:20,-52,25,20,124150763134752,2520
BPGC-NAB,08:4F:A9:30:00:00,-60,25,20,9138233933824,2520
DIRECT-1D-HP DeskJet 2600 series,AC:E2:D3:B6:BA:1E,-68,25,20,190090214554142,2520
BPGC-NAB,08:4F:A9:2D:8A:A0,-74,25,20,9138233772704,2520
sks,88:63:DF:BB:74:A5,-59,25,20,149962536744101,2520
BPGC-NAB,08:4F:A9:39:68:20,-71,25,20,9138234550304,2520
BPGC-NAB,70:EA:1A:22:AC:00,-77,25,20,124150763138048,2520
BPGC-NAB,08:4F:A9:2D:8A:40,-71,25,20,9138233772608,2520
BPGC-NAB,00:A3:8E:60:F2:A0,-74,25,20,702468387488,2520
BPGC-NAB,70:EA:1A:22:A9:40,-79,25,20,124150763137344,2520
BPGC-NAB,70:EA:1A:22:A5:A0,-78,25,20,124150763136416,2520
BPGC-NAB,70:EA:1A:22:97:80,-83,25,20,124150763132800,2520
BPGC-NAB,08:4F:A9:39:6A:40,-84,25,20,9138234550848,2520
BPGC-NAB,70:EA:1A:22:A0:20,-88,25,20,124150763135008,2520
SAIMAA,04:95:E6:82:45:88,-94,25,20,5041863935368,2520
BPGC-NAB,70:EA:1A:22:98:20,-92,25,20,124150763132960,2520
BPGC-NAB,70:EA:1A:22:8F:E0,-96,25,20,124150763130848,2520
BPGC-NAB,A8:B4:56:CC:DE:00,-85,25,20,185492503846400,2520
BPGC-NAB,70:EA:1A:22:96:00,-87,25,20,124150763132416,2520
BPGC-NAB,70:EA:1A:22:A9:A0,-92,25,20,124150763137440,2520
BPGC-NAB,08:4F:A9:10:4B:80,-94,25,20,9138231856000,2520
BPGC-NAB,08:4F:A9:43:38:A0,-94,25,20,9138235193504,2520
BPGC-NAB,70:EA:1A:22:87:60,-97,25,20,124150763128672,2520
BPGC-NAB,70:EA:1A:22:97:80,-36,30,25,124150763132800,3025
BPGC-NAB,70:EA:1A:22:A5:A0,-52,30,25,124150763136416,3025
BPGC-NAB,70:EA:1A:22:A9:40,-60,30,25,124150763137344,3025
BPGC-NAB,70:EA:1A:22:A0:20,-59,30,25,124150763135008,3025
BPGC-NAB,70:EA:1A:22:AC:00,-58,30,25,124150763138048,3025
BPGC-NAB,08:4F:A9:39:6A:40,-68,30,25,9138234550848,3025
BPGC-NAB,70:EA:1A:22:98:20,-67,30,25,124150763132960,3025
BPGC-NAB,08:4F:A9:30:00:00,-70,30,25,9138233933824,3025
BPGC-NAB,70:EA:1A:22:96:00,-73,30,25,124150763132416,3025
BPGC-NAB,70:EA:1A:22:87:60,-70,30,25,124150763128672,3025
BPGC-NAB,00:A3:8E:60:F2:A0,-75,30,25,702468387488,3025
BPGC-NAB,A8:B4:56:CC:DE:00,-68,30,25,185492503846400,3025
BPGC-NAB,70:EA:1A:22:8F:E0,-79,30,25,124150763130848,3025
DIRECT-1D-HP DeskJet 2600 series,AC:E2:D3:B6:BA:1E,-77,30,25,190090214554142,3025
sks,88:63:DF:BB:74:A5,-80,30,25,149962536744101,3025
BPGC-NAB,70:EA:1A:22:92:40,-81,30,25,124150763131456,3025
BPGC-NAB,00:A3:8E:4E:29:A0,-85,30,25,702467156384,3025
